"Correlation_Id","Dispatch_Id","Agent_Id","Queue_Id","Process_Id","Thread_Id","Grid_Size","Kernel_Id","Kernel_Name","Workgroup_Size","LDS_Block_Size","Scratch_Size","VGPR_Count","Accum_VGPR_Count","SGPR_Count","Counter_Name","Counter_Value","Start_Timestamp","End_Timestamp"
235,235,"Agent 1",1,202,202,1024,2819,"void flashinfer::BatchDecodeWithPagedKVCacheKernel<(flashinfer::RotaryMode)0, false, 16ul, 8ul, 16ul, 2ul, __half, flashinfer::quant::__precision__s4, __half, int>(__half*, flashinfer::paged_kv_t<flashinfer::quant::__precision__s4, int>, __half*, float, float, float)",128,8704,0,88,0,128,"FetchSize",0.00000000e+00,12547187225852393,12547187226096794
235,235,"Agent 1",1,202,202,1024,2819,"void flashinfer::BatchDecodeWithPagedKVCacheKernel<(flashinfer::RotaryMode)0, false, 16ul, 8ul, 16ul, 2ul, __half, flashinfer::quant::__precision__s4, __half, int>(__half*, flashinfer::paged_kv_t<flashinfer::quant::__precision__s4, int>, __half*, float, float, float)",128,8704,0,88,0,128,"GL2C_EA_WRREQ_64B_sum",0.00000000e+00,12547187225852393,12547187226096794
235,235,"Agent 1",1,202,202,1024,2819,"void flashinfer::BatchDecodeWithPagedKVCacheKernel<(flashinfer::RotaryMode)0, false, 16ul, 8ul, 16ul, 2ul, __half, flashinfer::quant::__precision__s4, __half, int>(__half*, flashinfer::paged_kv_t<flashinfer::quant::__precision__s4, int>, __half*, float, float, float)",128,8704,0,88,0,128,"LdsUtil",0.00000000e+00,12547187225852393,12547187226096794
235,235,"Agent 1",1,202,202,1024,2819,"void flashinfer::BatchDecodeWithPagedKVCacheKernel<(flashinfer::RotaryMode)0, false, 16ul, 8ul, 16ul, 2ul, __half, flashinfer::quant::__precision__s4, __half, int>(__half*, flashinfer::paged_kv_t<flashinfer::quant::__precision__s4, int>, __half*, float, float, float)",128,8704,0,88,0,128,"MeanOccupancyPerCU",0.00000000e+00,12547187225852393,12547187226096794
235,235,"Agent 1",1,202,202,1024,2819,"void flashinfer::BatchDecodeWithPagedKVCacheKernel<(flashinfer::RotaryMode)0, false, 16ul, 8ul, 16ul, 2ul, __half, flashinfer::quant::__precision__s4, __half, int>(__half*, flashinfer::paged_kv_t<flashinfer::quant::__precision__s4, int>, __half*, float, float, float)",128,8704,0,88,0,128,"OccupancyPercent",0.00000000e+00,12547187225852393,12547187226096794
236,236,"Agent 1",1,202,202,1024,2819,"void flashinfer::BatchDecodeWithPagedKVCacheKernel<(flashinfer::RotaryMode)0, false, 16ul, 8ul, 16ul, 2ul, __half, flashinfer::quant::__precision__s4, __half, int>(__half*, flashinfer::paged_kv_t<flashinfer::quant::__precision__s4, int>, __half*, float, float, float)",128,8704,0,88,0,128,"FetchSize",0.00000000e+00,12547187226187668,12547187226426283
236,236,"Agent 1",1,202,202,1024,2819,"void flashinfer::BatchDecodeWithPagedKVCacheKernel<(flashinfer::RotaryMode)0, false, 16ul, 8ul, 16ul, 2ul, __half, flashinfer::quant::__precision__s4, __half, int>(__half*, flashinfer::paged_kv_t<flashinfer::quant::__precision__s4, int>, __half*, float, float, float)",128,8704,0,88,0,128,"GL2C_EA_WRREQ_64B_sum",0.00000000e+00,12547187226187668,12547187226426283
236,236,"Agent 1",1,202,202,1024,2819,"void flashinfer::BatchDecodeWithPagedKVCacheKernel<(flashinfer::RotaryMode)0, false, 16ul, 8ul, 16ul, 2ul, __half, flashinfer::quant::__precision__s4, __half, int>(__half*, flashinfer::paged_kv_t<flashinfer::quant::__precision__s4, int>, __half*, float, float, float)",128,8704,0,88,0,128,"LdsUtil",0.00000000e+00,12547187226187668,12547187226426283
236,236,"Agent 1",1,202,202,1024,2819,"void flashinfer::BatchDecodeWithPagedKVCacheKernel<(flashinfer::RotaryMode)0, false, 16ul, 8ul, 16ul, 2ul, __half, flashinfer::quant::__precision__s4, __half, int>(__half*, flashinfer::paged_kv_t<flashinfer::quant::__precision__s4, int>, __half*, float, float, float)",128,8704,0,88,0,128,"MeanOccupancyPerCU",0.00000000e+00,12547187226187668,12547187226426283
236,236,"Agent 1",1,202,202,1024,2819,"void flashinfer::BatchDecodeWithPagedKVCacheKernel<(flashinfer::RotaryMode)0, false, 16ul, 8ul, 16ul, 2ul, __half, flashinfer::quant::__precision__s4, __half, int>(__half*, flashinfer::paged_kv_t<flashinfer::quant::__precision__s4, int>, __half*, float, float, float)",128,8704,0,88,0,128,"OccupancyPercent",0.00000000e+00,12547187226187668,12547187226426283
237,237,"Agent 1",1,202,202,1024,2819,"void flashinfer::BatchDecodeWithPagedKVCacheKernel<(flashinfer::RotaryMode)0, false, 16ul, 8ul, 16ul, 2ul, __half, flashinfer::quant::__precision__s4, __half, int>(__half*, flashinfer::paged_kv_t<flashinfer::quant::__precision__s4, int>, __half*, float, float, float)",128,8704,0,88,0,128,"FetchSize",0.00000000e+00,12547187226543218,12547187226777079
237,237,"Agent 1",1,202,202,1024,2819,"void flashinfer::BatchDecodeWithPagedKVCacheKernel<(flashinfer::RotaryMode)0, false, 16ul, 8ul, 16ul, 2ul, __half, flashinfer::quant::__precision__s4, __half, int>(__half*, flashinfer::paged_kv_t<flashinfer::quant::__precision__s4, int>, __half*, float, float, float)",128,8704,0,88,0,128,"GL2C_EA_WRREQ_64B_sum",0.00000000e+00,12547187226543218,12547187226777079
237,237,"Agent 1",1,202,202,1024,2819,"void flashinfer::BatchDecodeWithPagedKVCacheKernel<(flashinfer::RotaryMode)0, false, 16ul, 8ul, 16ul, 2ul, __half, flashinfer::quant::__precision__s4, __half, int>(__half*, flashinfer::paged_kv_t<flashinfer::quant::__precision__s4, int>, __half*, float, float, float)",128,8704,0,88,0,128,"LdsUtil",0.00000000e+00,12547187226543218,12547187226777079
237,237,"Agent 1",1,202,202,1024,2819,"void flashinfer::BatchDecodeWithPagedKVCacheKernel<(flashinfer::RotaryMode)0, false, 16ul, 8ul, 16ul, 2ul, __half, flashinfer::quant::__precision__s4, __half, int>(__half*, flashinfer::paged_kv_t<flashinfer::quant::__precision__s4, int>, __half*, float, float, float)",128,8704,0,88,0,128,"MeanOccupancyPerCU",0.00000000e+00,12547187226543218,12547187226777079
237,237,"Agent 1",1,202,202,1024,2819,"void flashinfer::BatchDecodeWithPagedKVCacheKernel<(flashinfer::RotaryMode)0, false, 16ul, 8ul, 16ul, 2ul, __half, flashinfer::quant::__precision__s4, __half, int>(__half*, flashinfer::paged_kv_t<flashinfer::quant::__precision__s4, int>, __half*, float, float, float)",128,8704,0,88,0,128,"OccupancyPercent",0.00000000e+00,12547187226543218,12547187226777079
238,238,"Agent 1",1,202,202,1024,2819,"void flashinfer::BatchDecodeWithPagedKVCacheKernel<(flashinfer::RotaryMode)0, false, 16ul, 8ul, 16ul, 2ul, __half, flashinfer::quant::__precision__s4, __half, int>(__half*, flashinfer::paged_kv_t<flashinfer::quant::__precision__s4, int>, __half*, float, float, float)",128,8704,0,88,0,128,"FetchSize",0.00000000e+00,12547187226894323,12547187227131137
238,238,"Agent 1",1,202,202,1024,2819,"void flashinfer::BatchDecodeWithPagedKVCacheKernel<(flashinfer::RotaryMode)0, false, 16ul, 8ul, 16ul, 2ul, __half, flashinfer::quant::__precision__s4, __half, int>(__half*, flashinfer::paged_kv_t<flashinfer::quant::__precision__s4, int>, __half*, float, float, float)",128,8704,0,88,0,128,"GL2C_EA_WRREQ_64B_sum",0.00000000e+00,12547187226894323,12547187227131137
238,238,"Agent 1",1,202,202,1024,2819,"void flashinfer::BatchDecodeWithPagedKVCacheKernel<(flashinfer::RotaryMode)0, false, 16ul, 8ul, 16ul, 2ul, __half, flashinfer::quant::__precision__s4, __half, int>(__half*, flashinfer::paged_kv_t<flashinfer::quant::__precision__s4, int>, __half*, float, float, float)",128,8704,0,88,0,128,"LdsUtil",0.00000000e+00,12547187226894323,12547187227131137
238,238,"Agent 1",1,202,202,1024,2819,"void flashinfer::BatchDecodeWithPagedKVCacheKernel<(flashinfer::RotaryMode)0, false, 16ul, 8ul, 16ul, 2ul, __half, flashinfer::quant::__precision__s4, __half, int>(__half*, flashinfer::paged_kv_t<flashinfer::quant::__precision__s4, int>, __half*, float, float, float)",128,8704,0,88,0,128,"MeanOccupancyPerCU",0.00000000e+00,12547187226894323,12547187227131137
238,238,"Agent 1",1,202,202,1024,2819,"void flashinfer::BatchDecodeWithPagedKVCacheKernel<(flashinfer::RotaryMode)0, false, 16ul, 8ul, 16ul, 2ul, __half, flashinfer::quant::__precision__s4, __half, int>(__half*, flashinfer::paged_kv_t<flashinfer::quant::__precision__s4, int>, __half*, float, float, float)",128,8704,0,88,0,128,"OccupancyPercent",0.00000000e+00,12547187226894323,12547187227131137
239,239,"Agent 1",1,202,202,1024,2819,"void flashinfer::BatchDecodeWithPagedKVCacheKernel<(flashinfer::RotaryMode)0, false, 16ul, 8ul, 16ul, 2ul, __half, flashinfer::quant::__precision__s4, __half, int>(__half*, flashinfer::paged_kv_t<flashinfer::quant::__precision__s4, int>, __half*, float, float, float)",128,8704,0,88,0,128,"FetchSize",0.00000000e+00,12547187227226232,12547187227462727
239,239,"Agent 1",1,202,202,1024,2819,"void flashinfer::BatchDecodeWithPagedKVCacheKernel<(flashinfer::RotaryMode)0, false, 16ul, 8ul, 16ul, 2ul, __half, flashinfer::quant::__precision__s4, __half, int>(__half*, flashinfer::paged_kv_t<flashinfer::quant::__precision__s4, int>, __half*, float, float, float)",128,8704,0,88,0,128,"GL2C_EA_WRREQ_64B_sum",0.00000000e+00,12547187227226232,12547187227462727
239,239,"Agent 1",1,202,202,1024,2819,"void flashinfer::BatchDecodeWithPagedKVCacheKernel<(flashinfer::RotaryMode)0, false, 16ul, 8ul, 16ul, 2ul, __half, flashinfer::quant::__precision__s4, __half, int>(__half*, flashinfer::paged_kv_t<flashinfer::quant::__precision__s4, int>, __half*, float, float, float)",128,8704,0,88,0,128,"LdsUtil",0.00000000e+00,12547187227226232,12547187227462727
239,239,"Agent 1",1,202,202,1024,2819,"void flashinfer::BatchDecodeWithPagedKVCacheKernel<(flashinfer::RotaryMode)0, false, 16ul, 8ul, 16ul, 2ul, __half, flashinfer::quant::__precision__s4, __half, int>(__half*, flashinfer::paged_kv_t<flashinfer::quant::__precision__s4, int>, __half*, float, float, float)",128,8704,0,88,0,128,"MeanOccupancyPerCU",0.00000000e+00,12547187227226232,12547187227462727
239,239,"Agent 1",1,202,202,1024,2819,"void flashinfer::BatchDecodeWithPagedKVCacheKernel<(flashinfer::RotaryMode)0, false, 16ul, 8ul, 16ul, 2ul, __half, flashinfer::quant::__precision__s4, __half, int>(__half*, flashinfer::paged_kv_t<flashinfer::quant::__precision__s4, int>, __half*, float, float, float)",128,8704,0,88,0,128,"OccupancyPercent",0.00000000e+00,12547187227226232,12547187227462727
240,240,"Agent 1",1,202,202,1024,2819,"void flashinfer::BatchDecodeWithPagedKVCacheKernel<(flashinfer::RotaryMode)0, false, 16ul, 8ul, 16ul, 2ul, __half, flashinfer::quant::__precision__s4, __half, int>(__half*, flashinfer::paged_kv_t<flashinfer::quant::__precision__s4, int>, __half*, float, float, float)",128,8704,0,88,0,128,"FetchSize",0.00000000e+00,12547187227542436,12547187227778558
240,240,"Agent 1",1,202,202,1024,2819,"void flashinfer::BatchDecodeWithPagedKVCacheKernel<(flashinfer::RotaryMode)0, false, 16ul, 8ul, 16ul, 2ul, __half, flashinfer::quant::__precision__s4, __half, int>(__half*, flashinfer::paged_kv_t<flashinfer::quant::__precision__s4, int>, __half*, float, float, float)",128,8704,0,88,0,128,"GL2C_EA_WRREQ_64B_sum",0.00000000e+00,12547187227542436,12547187227778558
240,240,"Agent 1",1,202,202,1024,2819,"void flashinfer::BatchDecodeWithPagedKVCacheKernel<(flashinfer::RotaryMode)0, false, 16ul, 8ul, 16ul, 2ul, __half, flashinfer::quant::__precision__s4, __half, int>(__half*, flashinfer::paged_kv_t<flashinfer::quant::__precision__s4, int>, __half*, float, float, float)",128,8704,0,88,0,128,"LdsUtil",0.00000000e+00,12547187227542436,12547187227778558
240,240,"Agent 1",1,202,202,1024,2819,"void flashinfer::BatchDecodeWithPagedKVCacheKernel<(flashinfer::RotaryMode)0, false, 16ul, 8ul, 16ul, 2ul, __half, flashinfer::quant::__precision__s4, __half, int>(__half*, flashinfer::paged_kv_t<flashinfer::quant::__precision__s4, int>, __half*, float, float, float)",128,8704,0,88,0,128,"MeanOccupancyPerCU",0.00000000e+00,12547187227542436,12547187227778558
240,240,"Agent 1",1,202,202,1024,2819,"void flashinfer::BatchDecodeWithPagedKVCacheKernel<(flashinfer::RotaryMode)0, false, 16ul, 8ul, 16ul, 2ul, __half, flashinfer::quant::__precision__s4, __half, int>(__half*, flashinfer::paged_kv_t<flashinfer::quant::__precision__s4, int>, __half*, float, float, float)",128,8704,0,88,0,128,"OccupancyPercent",0.00000000e+00,12547187227542436,12547187227778558
241,241,"Agent 1",1,202,202,1024,2819,"void flashinfer::BatchDecodeWithPagedKVCacheKernel<(flashinfer::RotaryMode)0, false, 16ul, 8ul, 16ul, 2ul, __half, flashinfer::quant::__precision__s4, __half, int>(__half*, flashinfer::paged_kv_t<flashinfer::quant::__precision__s4, int>, __half*, float, float, float)",128,8704,0,88,0,128,"FetchSize",0.00000000e+00,12547187227862952,12547187228097105
241,241,"Agent 1",1,202,202,1024,2819,"void flashinfer::BatchDecodeWithPagedKVCacheKernel<(flashinfer::RotaryMode)0, false, 16ul, 8ul, 16ul, 2ul, __half, flashinfer::quant::__precision__s4, __half, int>(__half*, flashinfer::paged_kv_t<flashinfer::quant::__precision__s4, int>, __half*, float, float, float)",128,8704,0,88,0,128,"GL2C_EA_WRREQ_64B_sum",0.00000000e+00,12547187227862952,12547187228097105
241,241,"Agent 1",1,202,202,1024,2819,"void flashinfer::BatchDecodeWithPagedKVCacheKernel<(flashinfer::RotaryMode)0, false, 16ul, 8ul, 16ul, 2ul, __half, flashinfer::quant::__precision__s4, __half, int>(__half*, flashinfer::paged_kv_t<flashinfer::quant::__precision__s4, int>, __half*, float, float, float)",128,8704,0,88,0,128,"LdsUtil",0.00000000e+00,12547187227862952,12547187228097105
241,241,"Agent 1",1,202,202,1024,2819,"void flashinfer::BatchDecodeWithPagedKVCacheKernel<(flashinfer::RotaryMode)0, false, 16ul, 8ul, 16ul, 2ul, __half, flashinfer::quant::__precision__s4, __half, int>(__half*, flashinfer::paged_kv_t<flashinfer::quant::__precision__s4, int>, __half*, float, float, float)",128,8704,0,88,0,128,"MeanOccupancyPerCU",0.00000000e+00,12547187227862952,12547187228097105
241,241,"Agent 1",1,202,202,1024,2819,"void flashinfer::BatchDecodeWithPagedKVCacheKernel<(flashinfer::RotaryMode)0, false, 16ul, 8ul, 16ul, 2ul, __half, flashinfer::quant::__precision__s4, __half, int>(__half*, flashinfer::paged_kv_t<flashinfer::quant::__precision__s4, int>, __half*, float, float, float)",128,8704,0,88,0,128,"OccupancyPercent",0.00000000e+00,12547187227862952,12547187228097105
242,242,"Agent 1",1,202,202,1024,2819,"void flashinfer::BatchDecodeWithPagedKVCacheKernel<(flashinfer::RotaryMode)0, false, 16ul, 8ul, 16ul, 2ul, __half, flashinfer::quant::__precision__s4, __half, int>(__half*, flashinfer::paged_kv_t<flashinfer::quant::__precision__s4, int>, __half*, float, float, float)",128,8704,0,88,0,128,"FetchSize",0.00000000e+00,12547187228185877,12547187228422922
242,242,"Agent 1",1,202,202,1024,2819,"void flashinfer::BatchDecodeWithPagedKVCacheKernel<(flashinfer::RotaryMode)0, false, 16ul, 8ul, 16ul, 2ul, __half, flashinfer::quant::__precision__s4, __half, int>(__half*, flashinfer::paged_kv_t<flashinfer::quant::__precision__s4, int>, __half*, float, float, float)",128,8704,0,88,0,128,"GL2C_EA_WRREQ_64B_sum",0.00000000e+00,12547187228185877,12547187228422922
242,242,"Agent 1",1,202,202,1024,2819,"void flashinfer::BatchDecodeWithPagedKVCacheKernel<(flashinfer::RotaryMode)0, false, 16ul, 8ul, 16ul, 2ul, __half, flashinfer::quant::__precision__s4, __half, int>(__half*, flashinfer::paged_kv_t<flashinfer::quant::__precision__s4, int>, __half*, float, float, float)",128,8704,0,88,0,128,"LdsUtil",0.00000000e+00,12547187228185877,12547187228422922
242,242,"Agent 1",1,202,202,1024,2819,"void flashinfer::BatchDecodeWithPagedKVCacheKernel<(flashinfer::RotaryMode)0, false, 16ul, 8ul, 16ul, 2ul, __half, flashinfer::quant::__precision__s4, __half, int>(__half*, flashinfer::paged_kv_t<flashinfer::quant::__precision__s4, int>, __half*, float, float, float)",128,8704,0,88,0,128,"MeanOccupancyPerCU",0.00000000e+00,12547187228185877,12547187228422922
242,242,"Agent 1",1,202,202,1024,2819,"void flashinfer::BatchDecodeWithPagedKVCacheKernel<(flashinfer::RotaryMode)0, false, 16ul, 8ul, 16ul, 2ul, __half, flashinfer::quant::__precision__s4, __half, int>(__half*, flashinfer::paged_kv_t<flashinfer::quant::__precision__s4, int>, __half*, float, float, float)",128,8704,0,88,0,128,"OccupancyPercent",0.00000000e+00,12547187228185877,12547187228422922
243,243,"Agent 1",1,202,202,1024,2819,"void flashinfer::BatchDecodeWithPagedKVCacheKernel<(flashinfer::RotaryMode)0, false, 16ul, 8ul, 16ul, 2ul, __half, flashinfer::quant::__precision__s4, __half, int>(__half*, flashinfer::paged_kv_t<flashinfer::quant::__precision__s4, int>, __half*, float, float, float)",128,8704,0,88,0,128,"FetchSize",0.00000000e+00,12547187228508482,12547187228745094
243,243,"Agent 1",1,202,202,1024,2819,"void flashinfer::BatchDecodeWithPagedKVCacheKernel<(flashinfer::RotaryMode)0, false, 16ul, 8ul, 16ul, 2ul, __half, flashinfer::quant::__precision__s4, __half, int>(__half*, flashinfer::paged_kv_t<flashinfer::quant::__precision__s4, int>, __half*, float, float, float)",128,8704,0,88,0,128,"GL2C_EA_WRREQ_64B_sum",0.00000000e+00,12547187228508482,12547187228745094
243,243,"Agent 1",1,202,202,1024,2819,"void flashinfer::BatchDecodeWithPagedKVCacheKernel<(flashinfer::RotaryMode)0, false, 16ul, 8ul, 16ul, 2ul, __half, flashinfer::quant::__precision__s4, __half, int>(__half*, flashinfer::paged_kv_t<flashinfer::quant::__precision__s4, int>, __half*, float, float, float)",128,8704,0,88,0,128,"LdsUtil",0.00000000e+00,12547187228508482,12547187228745094
243,243,"Agent 1",1,202,202,1024,2819,"void flashinfer::BatchDecodeWithPagedKVCacheKernel<(flashinfer::RotaryMode)0, false, 16ul, 8ul, 16ul, 2ul, __half, flashinfer::quant::__precision__s4, __half, int>(__half*, flashinfer::paged_kv_t<flashinfer::quant::__precision__s4, int>, __half*, float, float, float)",128,8704,0,88,0,128,"MeanOccupancyPerCU",0.00000000e+00,12547187228508482,12547187228745094
243,243,"Agent 1",1,202,202,1024,2819,"void flashinfer::BatchDecodeWithPagedKVCacheKernel<(flashinfer::RotaryMode)0, false, 16ul, 8ul, 16ul, 2ul, __half, flashinfer::quant::__precision__s4, __half, int>(__half*, flashinfer::paged_kv_t<flashinfer::quant::__precision__s4, int>, __half*, float, float, float)",128,8704,0,88,0,128,"OccupancyPercent",0.00000000e+00,12547187228508482,12547187228745094
244,244,"Agent 1",1,202,202,1024,2819,"void flashinfer::BatchDecodeWithPagedKVCacheKernel<(flashinfer::RotaryMode)0, false, 16ul, 8ul, 16ul, 2ul, __half, flashinfer::quant::__precision__s4, __half, int>(__half*, flashinfer::paged_kv_t<flashinfer::quant::__precision__s4, int>, __half*, float, float, float)",128,8704,0,88,0,128,"FetchSize",0.00000000e+00,12547187228830018,12547187229066067
244,244,"Agent 1",1,202,202,1024,2819,"void flashinfer::BatchDecodeWithPagedKVCacheKernel<(flashinfer::RotaryMode)0, false, 16ul, 8ul, 16ul, 2ul, __half, flashinfer::quant::__precision__s4, __half, int>(__half*, flashinfer::paged_kv_t<flashinfer::quant::__precision__s4, int>, __half*, float, float, float)",128,8704,0,88,0,128,"GL2C_EA_WRREQ_64B_sum",0.00000000e+00,12547187228830018,12547187229066067
244,244,"Agent 1",1,202,202,1024,2819,"void flashinfer::BatchDecodeWithPagedKVCacheKernel<(flashinfer::RotaryMode)0, false, 16ul, 8ul, 16ul, 2ul, __half, flashinfer::quant::__precision__s4, __half, int>(__half*, flashinfer::paged_kv_t<flashinfer::quant::__precision__s4, int>, __half*, float, float, float)",128,8704,0,88,0,128,"LdsUtil",0.00000000e+00,12547187228830018,12547187229066067
244,244,"Agent 1",1,202,202,1024,2819,"void flashinfer::BatchDecodeWithPagedKVCacheKernel<(flashinfer::RotaryMode)0, false, 16ul, 8ul, 16ul, 2ul, __half, flashinfer::quant::__precision__s4, __half, int>(__half*, flashinfer::paged_kv_t<flashinfer::quant::__precision__s4, int>, __half*, float, float, float)",128,8704,0,88,0,128,"MeanOccupancyPerCU",0.00000000e+00,12547187228830018,12547187229066067
244,244,"Agent 1",1,202,202,1024,2819,"void flashinfer::BatchDecodeWithPagedKVCacheKernel<(flashinfer::RotaryMode)0, false, 16ul, 8ul, 16ul, 2ul, __half, flashinfer::quant::__precision__s4, __half, int>(__half*, flashinfer::paged_kv_t<flashinfer::quant::__precision__s4, int>, __half*, float, float, float)",128,8704,0,88,0,128,"OccupancyPercent",0.00000000e+00,12547187228830018,12547187229066067
245,245,"Agent 1",1,202,202,1024,2819,"void flashinfer::BatchDecodeWithPagedKVCacheKernel<(flashinfer::RotaryMode)0, false, 16ul, 8ul, 16ul, 2ul, __half, flashinfer::quant::__precision__s4, __half, int>(__half*, flashinfer::paged_kv_t<flashinfer::quant::__precision__s4, int>, __half*, float, float, float)",128,8704,0,88,0,128,"FetchSize",0.00000000e+00,12547187229164383,12547187229398917
245,245,"Agent 1",1,202,202,1024,2819,"void flashinfer::BatchDecodeWithPagedKVCacheKernel<(flashinfer::RotaryMode)0, false, 16ul, 8ul, 16ul, 2ul, __half, flashinfer::quant::__precision__s4, __half, int>(__half*, flashinfer::paged_kv_t<flashinfer::quant::__precision__s4, int>, __half*, float, float, float)",128,8704,0,88,0,128,"GL2C_EA_WRREQ_64B_sum",0.00000000e+00,12547187229164383,12547187229398917
245,245,"Agent 1",1,202,202,1024,2819,"void flashinfer::BatchDecodeWithPagedKVCacheKernel<(flashinfer::RotaryMode)0, false, 16ul, 8ul, 16ul, 2ul, __half, flashinfer::quant::__precision__s4, __half, int>(__half*, flashinfer::paged_kv_t<flashinfer::quant::__precision__s4, int>, __half*, float, float, float)",128,8704,0,88,0,128,"LdsUtil",0.00000000e+00,12547187229164383,12547187229398917
245,245,"Agent 1",1,202,202,1024,2819,"void flashinfer::BatchDecodeWithPagedKVCacheKernel<(flashinfer::RotaryMode)0, false, 16ul, 8ul, 16ul, 2ul, __half, flashinfer::quant::__precision__s4, __half, int>(__half*, flashinfer::paged_kv_t<flashinfer::quant::__precision__s4, int>, __half*, float, float, float)",128,8704,0,88,0,128,"MeanOccupancyPerCU",0.00000000e+00,12547187229164383,12547187229398917
245,245,"Agent 1",1,202,202,1024,2819,"void flashinfer::BatchDecodeWithPagedKVCacheKernel<(flashinfer::RotaryMode)0, false, 16ul, 8ul, 16ul, 2ul, __half, flashinfer::quant::__precision__s4, __half, int>(__half*, flashinfer::paged_kv_t<flashinfer::quant::__precision__s4, int>, __half*, float, float, float)",128,8704,0,88,0,128,"OccupancyPercent",0.00000000e+00,12547187229164383,12547187229398917
246,246,"Agent 1",1,202,202,1024,2819,"void flashinfer::BatchDecodeWithPagedKVCacheKernel<(flashinfer::RotaryMode)0, false, 16ul, 8ul, 16ul, 2ul, __half, flashinfer::quant::__precision__s4, __half, int>(__half*, flashinfer::paged_kv_t<flashinfer::quant::__precision__s4, int>, __half*, float, float, float)",128,8704,0,88,0,128,"FetchSize",0.00000000e+00,12547187229518596,12547187229755157
246,246,"Agent 1",1,202,202,1024,2819,"void flashinfer::BatchDecodeWithPagedKVCacheKernel<(flashinfer::RotaryMode)0, false, 16ul, 8ul, 16ul, 2ul, __half, flashinfer::quant::__precision__s4, __half, int>(__half*, flashinfer::paged_kv_t<flashinfer::quant::__precision__s4, int>, __half*, float, float, float)",128,8704,0,88,0,128,"GL2C_EA_WRREQ_64B_sum",0.00000000e+00,12547187229518596,12547187229755157
246,246,"Agent 1",1,202,202,1024,2819,"void flashinfer::BatchDecodeWithPagedKVCacheKernel<(flashinfer::RotaryMode)0, false, 16ul, 8ul, 16ul, 2ul, __half, flashinfer::quant::__precision__s4, __half, int>(__half*, flashinfer::paged_kv_t<flashinfer::quant::__precision__s4, int>, __half*, float, float, float)",128,8704,0,88,0,128,"LdsUtil",0.00000000e+00,12547187229518596,12547187229755157
246,246,"Agent 1",1,202,202,1024,2819,"void flashinfer::BatchDecodeWithPagedKVCacheKernel<(flashinfer::RotaryMode)0, false, 16ul, 8ul, 16ul, 2ul, __half, flashinfer::quant::__precision__s4, __half, int>(__half*, flashinfer::paged_kv_t<flashinfer::quant::__precision__s4, int>, __half*, float, float, float)",128,8704,0,88,0,128,"MeanOccupancyPerCU",0.00000000e+00,12547187229518596,12547187229755157
246,246,"Agent 1",1,202,202,1024,2819,"void flashinfer::BatchDecodeWithPagedKVCacheKernel<(flashinfer::RotaryMode)0, false, 16ul, 8ul, 16ul, 2ul, __half, flashinfer::quant::__precision__s4, __half, int>(__half*, flashinfer::paged_kv_t<flashinfer::quant::__precision__s4, int>, __half*, float, float, float)",128,8704,0,88,0,128,"OccupancyPercent",0.00000000e+00,12547187229518596,12547187229755157
247,247,"Agent 1",1,202,202,1024,2819,"void flashinfer::BatchDecodeWithPagedKVCacheKernel<(flashinfer::RotaryMode)0, false, 16ul, 8ul, 16ul, 2ul, __half, flashinfer::quant::__precision__s4, __half, int>(__half*, flashinfer::paged_kv_t<flashinfer::quant::__precision__s4, int>, __half*, float, float, float)",128,8704,0,88,0,128,"FetchSize",0.00000000e+00,12547187229829937,12547187230064865
247,247,"Agent 1",1,202,202,1024,2819,"void flashinfer::BatchDecodeWithPagedKVCacheKernel<(flashinfer::RotaryMode)0, false, 16ul, 8ul, 16ul, 2ul, __half, flashinfer::quant::__precision__s4, __half, int>(__half*, flashinfer::paged_kv_t<flashinfer::quant::__precision__s4, int>, __half*, float, float, float)",128,8704,0,88,0,128,"GL2C_EA_WRREQ_64B_sum",0.00000000e+00,12547187229829937,12547187230064865
247,247,"Agent 1",1,202,202,1024,2819,"void flashinfer::BatchDecodeWithPagedKVCacheKernel<(flashinfer::RotaryMode)0, false, 16ul, 8ul, 16ul, 2ul, __half, flashinfer::quant::__precision__s4, __half, int>(__half*, flashinfer::paged_kv_t<flashinfer::quant::__precision__s4, int>, __half*, float, float, float)",128,8704,0,88,0,128,"LdsUtil",0.00000000e+00,12547187229829937,12547187230064865
247,247,"Agent 1",1,202,202,1024,2819,"void flashinfer::BatchDecodeWithPagedKVCacheKernel<(flashinfer::RotaryMode)0, false, 16ul, 8ul, 16ul, 2ul, __half, flashinfer::quant::__precision__s4, __half, int>(__half*, flashinfer::paged_kv_t<flashinfer::quant::__precision__s4, int>, __half*, float, float, float)",128,8704,0,88,0,128,"MeanOccupancyPerCU",0.00000000e+00,12547187229829937,12547187230064865
247,247,"Agent 1",1,202,202,1024,2819,"void flashinfer::BatchDecodeWithPagedKVCacheKernel<(flashinfer::RotaryMode)0, false, 16ul, 8ul, 16ul, 2ul, __half, flashinfer::quant::__precision__s4, __half, int>(__half*, flashinfer::paged_kv_t<flashinfer::quant::__precision__s4, int>, __half*, float, float, float)",128,8704,0,88,0,128,"OccupancyPercent",0.00000000e+00,12547187229829937,12547187230064865
248,248,"Agent 1",1,202,202,1024,2819,"void flashinfer::BatchDecodeWithPagedKVCacheKernel<(flashinfer::RotaryMode)0, false, 16ul, 8ul, 16ul, 2ul, __half, flashinfer::quant::__precision__s4, __half, int>(__half*, flashinfer::paged_kv_t<flashinfer::quant::__precision__s4, int>, __half*, float, float, float)",128,8704,0,88,0,128,"FetchSize",0.00000000e+00,12547187230140696,12547187230375050
248,248,"Agent 1",1,202,202,1024,2819,"void flashinfer::BatchDecodeWithPagedKVCacheKernel<(flashinfer::RotaryMode)0, false, 16ul, 8ul, 16ul, 2ul, __half, flashinfer::quant::__precision__s4, __half, int>(__half*, flashinfer::paged_kv_t<flashinfer::quant::__precision__s4, int>, __half*, float, float, float)",128,8704,0,88,0,128,"GL2C_EA_WRREQ_64B_sum",0.00000000e+00,12547187230140696,12547187230375050
248,248,"Agent 1",1,202,202,1024,2819,"void flashinfer::BatchDecodeWithPagedKVCacheKernel<(flashinfer::RotaryMode)0, false, 16ul, 8ul, 16ul, 2ul, __half, flashinfer::quant::__precision__s4, __half, int>(__half*, flashinfer::paged_kv_t<flashinfer::quant::__precision__s4, int>, __half*, float, float, float)",128,8704,0,88,0,128,"LdsUtil",0.00000000e+00,12547187230140696,12547187230375050
248,248,"Agent 1",1,202,202,1024,2819,"void flashinfer::BatchDecodeWithPagedKVCacheKernel<(flashinfer::RotaryMode)0, false, 16ul, 8ul, 16ul, 2ul, __half, flashinfer::quant::__precision__s4, __half, int>(__half*, flashinfer::paged_kv_t<flashinfer::quant::__precision__s4, int>, __half*, float, float, float)",128,8704,0,88,0,128,"MeanOccupancyPerCU",0.00000000e+00,12547187230140696,12547187230375050
248,248,"Agent 1",1,202,202,1024,2819,"void flashinfer::BatchDecodeWithPagedKVCacheKernel<(flashinfer::RotaryMode)0, false, 16ul, 8ul, 16ul, 2ul, __half, flashinfer::quant::__precision__s4, __half, int>(__half*, flashinfer::paged_kv_t<flashinfer::quant::__precision__s4, int>, __half*, float, float, float)",128,8704,0,88,0,128,"OccupancyPercent",0.00000000e+00,12547187230140696,12547187230375050
249,249,"Agent 1",1,202,202,1024,2819,"void flashinfer::BatchDecodeWithPagedKVCacheKernel<(flashinfer::RotaryMode)0, false, 16ul, 8ul, 16ul, 2ul, __half, flashinfer::quant::__precision__s4, __half, int>(__half*, flashinfer::paged_kv_t<flashinfer::quant::__precision__s4, int>, __half*, float, float, float)",128,8704,0,88,0,128,"FetchSize",0.00000000e+00,12547187230450475,12547187230683087
249,249,"Agent 1",1,202,202,1024,2819,"void flashinfer::BatchDecodeWithPagedKVCacheKernel<(flashinfer::RotaryMode)0, false, 16ul, 8ul, 16ul, 2ul, __half, flashinfer::quant::__precision__s4, __half, int>(__half*, flashinfer::paged_kv_t<flashinfer::quant::__precision__s4, int>, __half*, float, float, float)",128,8704,0,88,0,128,"GL2C_EA_WRREQ_64B_sum",0.00000000e+00,12547187230450475,12547187230683087
249,249,"Agent 1",1,202,202,1024,2819,"void flashinfer::BatchDecodeWithPagedKVCacheKernel<(flashinfer::RotaryMode)0, false, 16ul, 8ul, 16ul, 2ul, __half, flashinfer::quant::__precision__s4, __half, int>(__half*, flashinfer::paged_kv_t<flashinfer::quant::__precision__s4, int>, __half*, float, float, float)",128,8704,0,88,0,128,"LdsUtil",0.00000000e+00,12547187230450475,12547187230683087
249,249,"Agent 1",1,202,202,1024,2819,"void flashinfer::BatchDecodeWithPagedKVCacheKernel<(flashinfer::RotaryMode)0, false, 16ul, 8ul, 16ul, 2ul, __half, flashinfer::quant::__precision__s4, __half, int>(__half*, flashinfer::paged_kv_t<flashinfer::quant::__precision__s4, int>, __half*, float, float, float)",128,8704,0,88,0,128,"MeanOccupancyPerCU",0.00000000e+00,12547187230450475,12547187230683087
249,249,"Agent 1",1,202,202,1024,2819,"void flashinfer::BatchDecodeWithPagedKVCacheKernel<(flashinfer::RotaryMode)0, false, 16ul, 8ul, 16ul, 2ul, __half, flashinfer::quant::__precision__s4, __half, int>(__half*, flashinfer::paged_kv_t<flashinfer::quant::__precision__s4, int>, __half*, float, float, float)",128,8704,0,88,0,128,"OccupancyPercent",0.00000000e+00,12547187230450475,12547187230683087
250,250,"Agent 1",1,202,202,1024,2819,"void flashinfer::BatchDecodeWithPagedKVCacheKernel<(flashinfer::RotaryMode)0, false, 16ul, 8ul, 16ul, 2ul, __half, flashinfer::quant::__precision__s4, __half, int>(__half*, flashinfer::paged_kv_t<flashinfer::quant::__precision__s4, int>, __half*, float, float, float)",128,8704,0,88,0,128,"FetchSize",0.00000000e+00,12547187230756425,12547187230994341
250,250,"Agent 1",1,202,202,1024,2819,"void flashinfer::BatchDecodeWithPagedKVCacheKernel<(flashinfer::RotaryMode)0, false, 16ul, 8ul, 16ul, 2ul, __half, flashinfer::quant::__precision__s4, __half, int>(__half*, flashinfer::paged_kv_t<flashinfer::quant::__precision__s4, int>, __half*, float, float, float)",128,8704,0,88,0,128,"GL2C_EA_WRREQ_64B_sum",0.00000000e+00,12547187230756425,12547187230994341
250,250,"Agent 1",1,202,202,1024,2819,"void flashinfer::BatchDecodeWithPagedKVCacheKernel<(flashinfer::RotaryMode)0, false, 16ul, 8ul, 16ul, 2ul, __half, flashinfer::quant::__precision__s4, __half, int>(__half*, flashinfer::paged_kv_t<flashinfer::quant::__precision__s4, int>, __half*, float, float, float)",128,8704,0,88,0,128,"LdsUtil",0.00000000e+00,12547187230756425,12547187230994341
250,250,"Agent 1",1,202,202,1024,2819,"void flashinfer::BatchDecodeWithPagedKVCacheKernel<(flashinfer::RotaryMode)0, false, 16ul, 8ul, 16ul, 2ul, __half, flashinfer::quant::__precision__s4, __half, int>(__half*, flashinfer::paged_kv_t<flashinfer::quant::__precision__s4, int>, __half*, float, float, float)",128,8704,0,88,0,128,"MeanOccupancyPerCU",0.00000000e+00,12547187230756425,12547187230994341
250,250,"Agent 1",1,202,202,1024,2819,"void flashinfer::BatchDecodeWithPagedKVCacheKernel<(flashinfer::RotaryMode)0, false, 16ul, 8ul, 16ul, 2ul, __half, flashinfer::quant::__precision__s4, __half, int>(__half*, flashinfer::paged_kv_t<flashinfer::quant::__precision__s4, int>, __half*, float, float, float)",128,8704,0,88,0,128,"OccupancyPercent",0.00000000e+00,12547187230756425,12547187230994341
251,251,"Agent 1",1,202,202,1024,2819,"void flashinfer::BatchDecodeWithPagedKVCacheKernel<(flashinfer::RotaryMode)0, false, 16ul, 8ul, 16ul, 2ul, __half, flashinfer::quant::__precision__s4, __half, int>(__half*, flashinfer::paged_kv_t<flashinfer::quant::__precision__s4, int>, __half*, float, float, float)",128,8704,0,88,0,128,"FetchSize",0.00000000e+00,12547187231072213,12547187231306871
251,251,"Agent 1",1,202,202,1024,2819,"void flashinfer::BatchDecodeWithPagedKVCacheKernel<(flashinfer::RotaryMode)0, false, 16ul, 8ul, 16ul, 2ul, __half, flashinfer::quant::__precision__s4, __half, int>(__half*, flashinfer::paged_kv_t<flashinfer::quant::__precision__s4, int>, __half*, float, float, float)",128,8704,0,88,0,128,"GL2C_EA_WRREQ_64B_sum",0.00000000e+00,12547187231072213,12547187231306871
251,251,"Agent 1",1,202,202,1024,2819,"void flashinfer::BatchDecodeWithPagedKVCacheKernel<(flashinfer::RotaryMode)0, false, 16ul, 8ul, 16ul, 2ul, __half, flashinfer::quant::__precision__s4, __half, int>(__half*, flashinfer::paged_kv_t<flashinfer::quant::__precision__s4, int>, __half*, float, float, float)",128,8704,0,88,0,128,"LdsUtil",0.00000000e+00,12547187231072213,12547187231306871
251,251,"Agent 1",1,202,202,1024,2819,"void flashinfer::BatchDecodeWithPagedKVCacheKernel<(flashinfer::RotaryMode)0, false, 16ul, 8ul, 16ul, 2ul, __half, flashinfer::quant::__precision__s4, __half, int>(__half*, flashinfer::paged_kv_t<flashinfer::quant::__precision__s4, int>, __half*, float, float, float)",128,8704,0,88,0,128,"MeanOccupancyPerCU",0.00000000e+00,12547187231072213,12547187231306871
251,251,"Agent 1",1,202,202,1024,2819,"void flashinfer::BatchDecodeWithPagedKVCacheKernel<(flashinfer::RotaryMode)0, false, 16ul, 8ul, 16ul, 2ul, __half, flashinfer::quant::__precision__s4, __half, int>(__half*, flashinfer::paged_kv_t<flashinfer::quant::__precision__s4, int>, __half*, float, float, float)",128,8704,0,88,0,128,"OccupancyPercent",0.00000000e+00,12547187231072213,12547187231306871
252,252,"Agent 1",1,202,202,1024,2819,"void flashinfer::BatchDecodeWithPagedKVCacheKernel<(flashinfer::RotaryMode)0, false, 16ul, 8ul, 16ul, 2ul, __half, flashinfer::quant::__precision__s4, __half, int>(__half*, flashinfer::paged_kv_t<flashinfer::quant::__precision__s4, int>, __half*, float, float, float)",128,8704,0,88,0,128,"FetchSize",0.00000000e+00,12547187231384352,12547187231618723
252,252,"Agent 1",1,202,202,1024,2819,"void flashinfer::BatchDecodeWithPagedKVCacheKernel<(flashinfer::RotaryMode)0, false, 16ul, 8ul, 16ul, 2ul, __half, flashinfer::quant::__precision__s4, __half, int>(__half*, flashinfer::paged_kv_t<flashinfer::quant::__precision__s4, int>, __half*, float, float, float)",128,8704,0,88,0,128,"GL2C_EA_WRREQ_64B_sum",0.00000000e+00,12547187231384352,12547187231618723
252,252,"Agent 1",1,202,202,1024,2819,"void flashinfer::BatchDecodeWithPagedKVCacheKernel<(flashinfer::RotaryMode)0, false, 16ul, 8ul, 16ul, 2ul, __half, flashinfer::quant::__precision__s4, __half, int>(__half*, flashinfer::paged_kv_t<flashinfer::quant::__precision__s4, int>, __half*, float, float, float)",128,8704,0,88,0,128,"LdsUtil",0.00000000e+00,12547187231384352,12547187231618723
252,252,"Agent 1",1,202,202,1024,2819,"void flashinfer::BatchDecodeWithPagedKVCacheKernel<(flashinfer::RotaryMode)0, false, 16ul, 8ul, 16ul, 2ul, __half, flashinfer::quant::__precision__s4, __half, int>(__half*, flashinfer::paged_kv_t<flashinfer::quant::__precision__s4, int>, __half*, float, float, float)",128,8704,0,88,0,128,"MeanOccupancyPerCU",0.00000000e+00,12547187231384352,12547187231618723
252,252,"Agent 1",1,202,202,1024,2819,"void flashinfer::BatchDecodeWithPagedKVCacheKernel<(flashinfer::RotaryMode)0, false, 16ul, 8ul, 16ul, 2ul, __half, flashinfer::quant::__precision__s4, __half, int>(__half*, flashinfer::paged_kv_t<flashinfer::quant::__precision__s4, int>, __half*, float, float, float)",128,8704,0,88,0,128,"OccupancyPercent",0.00000000e+00,12547187231384352,12547187231618723
253,253,"Agent 1",1,202,202,1024,2819,"void flashinfer::BatchDecodeWithPagedKVCacheKernel<(flashinfer::RotaryMode)0, false, 16ul, 8ul, 16ul, 2ul, __half, flashinfer::quant::__precision__s4, __half, int>(__half*, flashinfer::paged_kv_t<flashinfer::quant::__precision__s4, int>, __half*, float, float, float)",128,8704,0,88,0,128,"FetchSize",0.00000000e+00,12547187231695437,12547187231927988
253,253,"Agent 1",1,202,202,1024,2819,"void flashinfer::BatchDecodeWithPagedKVCacheKernel<(flashinfer::RotaryMode)0, false, 16ul, 8ul, 16ul, 2ul, __half, flashinfer::quant::__precision__s4, __half, int>(__half*, flashinfer::paged_kv_t<flashinfer::quant::__precision__s4, int>, __half*, float, float, float)",128,8704,0,88,0,128,"GL2C_EA_WRREQ_64B_sum",0.00000000e+00,12547187231695437,12547187231927988
253,253,"Agent 1",1,202,202,1024,2819,"void flashinfer::BatchDecodeWithPagedKVCacheKernel<(flashinfer::RotaryMode)0, false, 16ul, 8ul, 16ul, 2ul, __half, flashinfer::quant::__precision__s4, __half, int>(__half*, flashinfer::paged_kv_t<flashinfer::quant::__precision__s4, int>, __half*, float, float, float)",128,8704,0,88,0,128,"LdsUtil",0.00000000e+00,12547187231695437,12547187231927988
253,253,"Agent 1",1,202,202,1024,2819,"void flashinfer::BatchDecodeWithPagedKVCacheKernel<(flashinfer::RotaryMode)0, false, 16ul, 8ul, 16ul, 2ul, __half, flashinfer::quant::__precision__s4, __half, int>(__half*, flashinfer::paged_kv_t<flashinfer::quant::__precision__s4, int>, __half*, float, float, float)",128,8704,0,88,0,128,"MeanOccupancyPerCU",0.00000000e+00,12547187231695437,12547187231927988
253,253,"Agent 1",1,202,202,1024,2819,"void flashinfer::BatchDecodeWithPagedKVCacheKernel<(flashinfer::RotaryMode)0, false, 16ul, 8ul, 16ul, 2ul, __half, flashinfer::quant::__precision__s4, __half, int>(__half*, flashinfer::paged_kv_t<flashinfer::quant::__precision__s4, int>, __half*, float, float, float)",128,8704,0,88,0,128,"OccupancyPercent",0.00000000e+00,12547187231695437,12547187231927988
254,254,"Agent 1",1,202,202,1024,2819,"void flashinfer::BatchDecodeWithPagedKVCacheKernel<(flashinfer::RotaryMode)0, false, 16ul, 8ul, 16ul, 2ul, __half, flashinfer::quant::__precision__s4, __half, int>(__half*, flashinfer::paged_kv_t<flashinfer::quant::__precision__s4, int>, __half*, float, float, float)",128,8704,0,88,0,128,"FetchSize",0.00000000e+00,12547187232004223,12547187232240013
254,254,"Agent 1",1,202,202,1024,2819,"void flashinfer::BatchDecodeWithPagedKVCacheKernel<(flashinfer::RotaryMode)0, false, 16ul, 8ul, 16ul, 2ul, __half, flashinfer::quant::__precision__s4, __half, int>(__half*, flashinfer::paged_kv_t<flashinfer::quant::__precision__s4, int>, __half*, float, float, float)",128,8704,0,88,0,128,"GL2C_EA_WRREQ_64B_sum",0.00000000e+00,12547187232004223,12547187232240013
254,254,"Agent 1",1,202,202,1024,2819,"void flashinfer::BatchDecodeWithPagedKVCacheKernel<(flashinfer::RotaryMode)0, false, 16ul, 8ul, 16ul, 2ul, __half, flashinfer::quant::__precision__s4, __half, int>(__half*, flashinfer::paged_kv_t<flashinfer::quant::__precision__s4, int>, __half*, float, float, float)",128,8704,0,88,0,128,"LdsUtil",0.00000000e+00,12547187232004223,12547187232240013
254,254,"Agent 1",1,202,202,1024,2819,"void flashinfer::BatchDecodeWithPagedKVCacheKernel<(flashinfer::RotaryMode)0, false, 16ul, 8ul, 16ul, 2ul, __half, flashinfer::quant::__precision__s4, __half, int>(__half*, flashinfer::paged_kv_t<flashinfer::quant::__precision__s4, int>, __half*, float, float, float)",128,8704,0,88,0,128,"MeanOccupancyPerCU",0.00000000e+00,12547187232004223,12547187232240013
254,254,"Agent 1",1,202,202,1024,2819,"void flashinfer::BatchDecodeWithPagedKVCacheKernel<(flashinfer::RotaryMode)0, false, 16ul, 8ul, 16ul, 2ul, __half, flashinfer::quant::__precision__s4, __half, int>(__half*, flashinfer::paged_kv_t<flashinfer::quant::__precision__s4, int>, __half*, float, float, float)",128,8704,0,88,0,128,"OccupancyPercent",0.00000000e+00,12547187232004223,12547187232240013
