workload,counter,samples,nonzero_samples,sum,mean,min,max,status
fused_current_B1_L128_counters,CU_NUM,16423,16423,1051072.0,64.0,64.0,64.0,nonzero
fused_current_B1_L128_counters,GRBM_COUNT,16423,16423,1187428379.0,72302.76922608537,23145.0,6103117.0,nonzero
fused_current_B1_L128_counters,GRBM_GUI_ACTIVE,16423,16423,1187428379.0,72302.76922608537,23145.0,6103117.0,nonzero
fused_current_B1_L128_counters,SIMD_NUM,16423,16423,2102144.0,128.0,128.0,128.0,nonzero
fused_current_B1_L128_counters,SQ_WAVES_sum,16423,16423,4004549.0,243.83784935760823,1.0,7168.0,nonzero
fused_current_B1_L128_probe0,FetchSize,16423,0,0.0,0.0,0.0,0.0,all_zero
fused_current_B1_L128_probe1,GL2C_EA_RDREQ_64B_sum,16423,0,0.0,0.0,0.0,0.0,all_zero
fused_current_B1_L128_probe1,GL2C_EA_WRREQ_64B_sum,16423,0,0.0,0.0,0.0,0.0,all_zero
fused_current_B1_L128_probe2,SQC_LDS_BANK_CONFLICT,16423,0,0.0,0.0,0.0,0.0,all_zero
fused_current_B1_L128_probe2,SQC_LDS_IDX_ACTIVE,16423,0,0.0,0.0,0.0,0.0,all_zero
fused_current_B1_L128_probe2,SQ_INSTS_LDS,16423,0,0.0,0.0,0.0,0.0,all_zero
fused_current_B1_L128_probe3,MeanOccupancyPerCU,16423,0,0.0,0.0,0.0,0.0,all_zero
fused_current_B1_L4096_counters,CU_NUM,20390,20390,1304960.0,64.0,64.0,64.0,nonzero
fused_current_B1_L4096_counters,GRBM_COUNT,20390,20390,3570534626.0,175112.0463952918,24008.0,18800693.0,nonzero
fused_current_B1_L4096_counters,GRBM_GUI_ACTIVE,20390,20390,3570534626.0,175112.0463952918,24008.0,18800693.0,nonzero
fused_current_B1_L4096_counters,SIMD_NUM,20390,20390,2609920.0,128.0,128.0,128.0,nonzero
fused_current_B1_L4096_counters,SQ_WAVES_sum,20390,20390,106217312.0,5209.284551250613,4.0,229376.0,nonzero
fused_current_B4_L1024_counters,CU_NUM,20393,20393,1305152.0,64.0,64.0,64.0,nonzero
fused_current_B4_L1024_counters,GRBM_COUNT,20393,20393,3067611753.0,150424.74147991958,23134.0,9785702.0,nonzero
fused_current_B4_L1024_counters,GRBM_GUI_ACTIVE,20393,20393,3067611753.0,150424.74147991958,23134.0,9785702.0,nonzero
fused_current_B4_L1024_counters,SIMD_NUM,20393,20393,2610304.0,128.0,128.0,128.0,nonzero
fused_current_B4_L1024_counters,SQ_WAVES_sum,20393,20393,107105872.0,5252.090030892953,4.0,229376.0,nonzero
fused_hadacore256_B1_L128_counters,CU_NUM,16423,16423,1051072.0,64.0,64.0,64.0,nonzero
fused_hadacore256_B1_L128_counters,GRBM_COUNT,16423,16423,1194232659.0,72717.08329781404,23232.0,6210902.0,nonzero
fused_hadacore256_B1_L128_counters,GRBM_GUI_ACTIVE,16423,16423,1194232659.0,72717.08329781404,23232.0,6210902.0,nonzero
fused_hadacore256_B1_L128_counters,SIMD_NUM,16423,16423,2102144.0,128.0,128.0,128.0,nonzero
fused_hadacore256_B1_L128_counters,SQ_WAVES_sum,16423,16423,3923909.0,238.92766242464836,1.0,7168.0,nonzero
fused_hadacore256_B1_L4096_counters,CU_NUM,20390,20390,1304960.0,64.0,64.0,64.0,nonzero
fused_hadacore256_B1_L4096_counters,GRBM_COUNT,20390,20390,3571421170.0,175155.52574791564,24386.0,19573267.0,nonzero
fused_hadacore256_B1_L4096_counters,GRBM_GUI_ACTIVE,20390,20390,3571421170.0,175155.52574791564,24386.0,19573267.0,nonzero
fused_hadacore256_B1_L4096_counters,SIMD_NUM,20390,20390,2609920.0,128.0,128.0,128.0,nonzero
fused_hadacore256_B1_L4096_counters,SQ_WAVES_sum,20390,20390,106136672.0,5205.329671407552,4.0,229504.0,nonzero
fused_hadacore256_B4_L1024_counters,CU_NUM,20393,20393,1305152.0,64.0,64.0,64.0,nonzero
fused_hadacore256_B4_L1024_counters,GRBM_COUNT,20393,20393,3070929143.0,150587.41445594077,23981.0,9885434.0,nonzero
fused_hadacore256_B4_L1024_counters,GRBM_GUI_ACTIVE,20393,20393,3070929143.0,150587.41445594077,23981.0,9885434.0,nonzero
fused_hadacore256_B4_L1024_counters,SIMD_NUM,20393,20393,2610304.0,128.0,128.0,128.0,nonzero
fused_hadacore256_B4_L1024_counters,SQ_WAVES_sum,20393,20393,106783184.0,5236.266562055607,4.0,229376.0,nonzero
unfused_INT4_B1_L128_counters,CU_NUM,60583,60583,3877312.0,64.0,64.0,64.0,nonzero
unfused_INT4_B1_L128_counters,GRBM_COUNT,60583,60583,2604219931.0,42985.98502880346,23035.0,6308752.0,nonzero
unfused_INT4_B1_L128_counters,GRBM_GUI_ACTIVE,60583,60583,2604219931.0,42985.98502880346,23035.0,6308752.0,nonzero
unfused_INT4_B1_L128_counters,SIMD_NUM,60583,60583,7754624.0,128.0,128.0,128.0,nonzero
unfused_INT4_B1_L128_counters,SQ_WAVES_sum,60583,60583,8341189.0,137.68200650347458,1.0,7168.0,nonzero
unfused_INT4_B1_L4096_counters,CU_NUM,64550,64550,4131200.0,64.0,64.0,64.0,nonzero
unfused_INT4_B1_L4096_counters,GRBM_COUNT,64550,64550,5312644064.0,82302.7740356313,23905.0,18877593.0,nonzero
unfused_INT4_B1_L4096_counters,GRBM_GUI_ACTIVE,64550,64550,5312644064.0,82302.7740356313,23905.0,18877593.0,nonzero
unfused_INT4_B1_L4096_counters,SIMD_NUM,64550,64550,8262400.0,128.0,128.0,128.0,nonzero
unfused_INT4_B1_L4096_counters,SQ_WAVES_sum,64550,64550,165312352.0,2560.9969326103796,4.0,229376.0,nonzero
unfused_INT4_B4_L1024_counters,CU_NUM,64553,64553,4131392.0,64.0,64.0,64.0,nonzero
unfused_INT4_B4_L1024_counters,GRBM_COUNT,64553,64553,4791049845.0,74218.85652099825,23672.0,9960510.0,nonzero
unfused_INT4_B4_L1024_counters,GRBM_GUI_ACTIVE,64553,64553,4791049845.0,74218.85652099825,23672.0,9960510.0,nonzero
unfused_INT4_B4_L1024_counters,SIMD_NUM,64553,64553,8262784.0,128.0,128.0,128.0,nonzero
unfused_INT4_B4_L1024_counters,SQ_WAVES_sum,64553,64553,173597904.0,2689.2306167025545,4.0,229376.0,nonzero
