variant,batch,context_len,stage,metric,algorithmic_ops,stage_ms,value
fused_current,1,128,q_proj,effective_TFLOPs,1073741824,2.613870998223623,0.41078608115309095
fused_current,1,128,k_proj,effective_TFLOPs,268435456,1.2275253310799599,0.2186801764521097
fused_current,1,128,v_proj,effective_TFLOPs,268435456,1.3125353281696637,0.20451674727440247
fused_current,1,128,o_proj_residual,effective_TFLOPs,1073741824,4.701374327143033,0.22838892402181887
fused_current,1,128,gate_proj,effective_TFLOPs,3758096384,10.094441692034403,0.3722936343240797
fused_current,1,128,up_proj,effective_TFLOPs,3758096384,8.389298995335897,0.447963099907316
fused_current,1,128,down_proj_residual,effective_TFLOPs,3758096384,8.224701344966888,0.456928005817472
fused_current,1,128,final_norm_lm_head,effective_TFLOPs,1050673152,1.8840466737747192,0.5576683245829355
fused_current,1,128,K1,effective_Hadamard_TOPS,458752,0.9243539950499932,0.0004962947122603053
fused_current,1,128,K3,effective_Hadamard_TOPS,1048576,1.2270563344160716,0.0008545459328882349
fused_current,1,128,FFN,effective_Hadamard_TOPS,3670016,0.27937299975504476,0.01313661664948969
fused_current,1,4096,q_proj,effective_TFLOPs,1073741824,2.590715999404589,0.41445755700230075
fused_current,1,4096,k_proj,effective_TFLOPs,268435456,1.1987873365481694,0.22392249885867374
fused_current,1,4096,v_proj,effective_TFLOPs,268435456,1.285196992258231,0.20886716792600774
fused_current,1,4096,o_proj_residual,effective_TFLOPs,1073741824,4.0138960008819895,0.2675061396120035
fused_current,1,4096,gate_proj,effective_TFLOPs,3758096384,10.050444682439169,0.3739233937147483
fused_current,1,4096,up_proj,effective_TFLOPs,3758096384,8.36268033583959,0.44938897973824055
fused_current,1,4096,down_proj_residual,effective_TFLOPs,3758096384,8.220010687907537,0.45718874666775533
fused_current,1,4096,final_norm_lm_head,effective_TFLOPs,1050673152,1.9047486384709675,0.5516072466356639
fused_current,1,4096,K1,effective_Hadamard_TOPS,458752,0.9438436614970366,0.0004860465972429909
fused_current,1,4096,K3,effective_Hadamard_TOPS,1048576,0.26328399932632846,0.003982680309791018
fused_current,1,4096,FFN,effective_Hadamard_TOPS,3670016,0.27213466602067155,0.013486029007863418
fused_current,4,1024,q_proj,effective_TFLOPs,4294967296,2.5875433335701623,1.6598629442367714
fused_current,4,1024,k_proj,effective_TFLOPs,1073741824,1.1636559888720512,0.9227313177331675
fused_current,4,1024,v_proj,effective_TFLOPs,1073741824,1.2076089990635712,0.8891469215885462
fused_current,4,1024,o_proj_residual,effective_TFLOPs,4294967296,4.702201664447784,0.9133949588919622
fused_current,4,1024,gate_proj,effective_TFLOPs,15032385536,10.257922371228537,1.4654415379631744
fused_current,4,1024,up_proj,effective_TFLOPs,15032385536,8.484562362233797,1.7717337552861485
fused_current,4,1024,down_proj_residual,effective_TFLOPs,15032385536,8.542470326026281,1.7597234713477368
fused_current,4,1024,final_norm_lm_head,effective_TFLOPs,4202692608,1.8961769739786785,2.2164031446820305
fused_current,4,1024,K1,effective_Hadamard_TOPS,1835008,0.9563383345181743,0.0019187853647260936
fused_current,4,1024,K3,effective_Hadamard_TOPS,4194304,0.589248332194984,0.007118058330985811
fused_current,4,1024,FFN,effective_Hadamard_TOPS,14680064,0.28584966404984397,0.05135589033765742
fused_hadacore256,1,128,q_proj,effective_TFLOPs,1073741824,2.5671683301528296,0.41825922024212475
fused_hadacore256,1,128,k_proj,effective_TFLOPs,268435456,1.191394994656245,0.225311888335952
fused_hadacore256,1,128,v_proj,effective_TFLOPs,268435456,1.192675335953633,0.22507001520691783
fused_hadacore256,1,128,o_proj_residual,effective_TFLOPs,1073741824,4.565153993666172,0.23520385631891955
fused_hadacore256,1,128,gate_proj,effective_TFLOPs,3758096384,10.087930346528688,0.37253393460366047
fused_hadacore256,1,128,up_proj,effective_TFLOPs,3758096384,8.321228350202242,0.4516275994166969
fused_hadacore256,1,128,down_proj_residual,effective_TFLOPs,3758096384,8.173631976048151,0.45978292086218847
fused_hadacore256,1,128,final_norm_lm_head,effective_TFLOPs,1050673152,1.8730496962865193,0.5609424854466216
fused_hadacore256,1,128,K1,effective_Hadamard_TOPS,458752,0.9734016697232922,0.00047128745950313495
fused_hadacore256,1,128,K3,effective_Hadamard_TOPS,1048576,1.2487466692303617,0.0008397027402253391
fused_hadacore256,1,128,FFN,effective_Hadamard_TOPS,3670016,0.2996743318314354,0.012246681180770455
fused_hadacore256,1,4096,q_proj,effective_TFLOPs,1073741824,2.543844004472097,0.42209420943751025
fused_hadacore256,1,4096,k_proj,effective_TFLOPs,268435456,1.1866723398367565,0.2262085724833926
fused_hadacore256,1,4096,v_proj,effective_TFLOPs,268435456,1.241939341649413,0.21614216330685868
fused_hadacore256,1,4096,o_proj_residual,effective_TFLOPs,1073741824,4.099259694417317,0.2619355454503902
fused_hadacore256,1,4096,gate_proj,effective_TFLOPs,3758096384,10.025897984703382,0.3748388812387446
fused_hadacore256,1,4096,up_proj,effective_TFLOPs,3758096384,8.42714138329029,0.4459515051511679
fused_hadacore256,1,4096,down_proj_residual,effective_TFLOPs,3758096384,8.218275671203932,0.45728526692868404
fused_hadacore256,1,4096,final_norm_lm_head,effective_TFLOPs,1050673152,1.9014306863149006,0.5525697884030023
fused_hadacore256,1,4096,K1,effective_Hadamard_TOPS,458752,0.9284869991242886,0.0004940855396281008
fused_hadacore256,1,4096,K3,effective_Hadamard_TOPS,1048576,0.2554443352855742,0.004104909975113535
fused_hadacore256,1,4096,FFN,effective_Hadamard_TOPS,3670016,0.2960996649538477,0.012394529391217097
fused_hadacore256,4,1024,q_proj,effective_TFLOPs,4294967296,2.599287005762259,1.6523636237470711
fused_hadacore256,4,1024,k_proj,effective_TFLOPs,1073741824,1.1941423304378986,0.8991740738361171
fused_hadacore256,4,1024,v_proj,effective_TFLOPs,1073741824,1.2124699999888737,0.8855821785362551
fused_hadacore256,4,1024,o_proj_residual,effective_TFLOPs,4294967296,4.5160796691974,0.9510388679133519
fused_hadacore256,4,1024,gate_proj,effective_TFLOPs,15032385536,10.21133334438006,1.4721275889277738
fused_hadacore256,4,1024,up_proj,effective_TFLOPs,15032385536,8.526946713527044,1.762927111078671
fused_hadacore256,4,1024,down_proj_residual,effective_TFLOPs,15032385536,8.54897697766622,1.7583841406137093
fused_hadacore256,4,1024,final_norm_lm_head,effective_TFLOPs,4202692608,1.9074183305104573,2.203340788318464
fused_hadacore256,4,1024,K1,effective_Hadamard_TOPS,1835008,0.9500253396108747,0.001931535848034969
fused_hadacore256,4,1024,K3,effective_Hadamard_TOPS,4194304,0.3594340017686288,0.01166919094843986
fused_hadacore256,4,1024,FFN,effective_Hadamard_TOPS,14680064,0.3026773339758317,0.048500704718022196
unfused_INT4,1,128,q_proj,effective_TFLOPs,1073741824,2.634270004928112,0.4076050754065743
unfused_INT4,1,128,k_proj,effective_TFLOPs,268435456,1.454012009004752,0.1846170831723321
unfused_INT4,1,128,v_proj,effective_TFLOPs,268435456,1.804014661659797,0.14879893257243484
unfused_INT4,1,128,o_proj_residual,effective_TFLOPs,1073741824,4.8861759925882025,0.21975095158847113
unfused_INT4,1,128,gate_proj,effective_TFLOPs,3758096384,11.253824601570765,0.3339394843132227
unfused_INT4,1,128,up_proj,effective_TFLOPs,3758096384,8.389745642741522,0.44793925156138165
unfused_INT4,1,128,down_proj_residual,effective_TFLOPs,3758096384,10.146335651477179,0.37038951924016716
unfused_INT4,1,128,final_norm_lm_head,effective_TFLOPs,1050673152,1.8966636260350545,0.5539586132077704
unfused_INT4,1,128,K1,effective_Hadamard_TOPS,458752,36.93663430213928,1.2419972979872457e-05
unfused_INT4,1,128,K3,effective_Hadamard_TOPS,1048576,18.543749655286472,5.6546061044405374e-05
unfused_INT4,1,128,FFN,effective_Hadamard_TOPS,3670016,8.379095335801443,0.00043799668734154226
unfused_INT4,1,4096,q_proj,effective_TFLOPs,1073741824,2.6102946549654007,0.4113488957874882
unfused_INT4,1,4096,k_proj,effective_TFLOPs,268435456,1.3401610006888707,0.20030090105742412
unfused_INT4,1,4096,v_proj,effective_TFLOPs,268435456,1.6778373308479786,0.15998896380755387
unfused_INT4,1,4096,o_proj_residual,effective_TFLOPs,1073741824,3.2328153351942697,0.33213831062685045
unfused_INT4,1,4096,gate_proj,effective_TFLOPs,3758096384,9.720921675364176,0.38659877216418476
unfused_INT4,1,4096,up_proj,effective_TFLOPs,3758096384,8.436933701237043,0.4454339120205459
unfused_INT4,1,4096,down_proj_residual,effective_TFLOPs,3758096384,9.342310984929403,0.40226624761928736
unfused_INT4,1,4096,final_norm_lm_head,effective_TFLOPs,1050673152,1.8823683261871338,0.5581655499528142
unfused_INT4,1,4096,K1,effective_Hadamard_TOPS,458752,36.40176270405451,1.2602466636839626e-05
unfused_INT4,1,4096,K3,effective_Hadamard_TOPS,1048576,8.130762974421183,0.00012896403490038358
unfused_INT4,1,4096,FFN,effective_Hadamard_TOPS,3670016,8.261597335338593,0.0004442259591013568
unfused_INT4,4,1024,q_proj,effective_TFLOPs,4294967296,2.5681723281741142,1.6723828260596438
unfused_INT4,4,1024,k_proj,effective_TFLOPs,1073741824,1.2430740011235077,0.8637794878096856
unfused_INT4,4,1024,v_proj,effective_TFLOPs,1073741824,1.7131820072730382,0.6267529190953455
unfused_INT4,4,1024,o_proj_residual,effective_TFLOPs,4294967296,3.961518665154775,1.0841719196676303
unfused_INT4,4,1024,gate_proj,effective_TFLOPs,15032385536,10.791531066099802,1.3929798694850903
unfused_INT4,4,1024,up_proj,effective_TFLOPs,15032385536,8.467799281080564,1.7752411266510013
unfused_INT4,4,1024,down_proj_residual,effective_TFLOPs,15032385536,10.314651360114416,1.4573818359124115
unfused_INT4,4,1024,final_norm_lm_head,effective_TFLOPs,4202692608,1.9010106722513835,2.2107674982290946
unfused_INT4,4,1024,K1,effective_Hadamard_TOPS,1835008,36.4760248263677,5.030723629383852e-05
unfused_INT4,4,1024,K3,effective_Hadamard_TOPS,4194304,8.044513339797655,0.0005213869158809176
unfused_INT4,4,1024,FFN,effective_Hadamard_TOPS,14680064,8.470527360836664,0.001733075565976331
