session,repeat,variant,batch,context_len,warmup,iterations,decode_ms_per_token,tokens_per_second
0,0,unfused_INT4,1,10,10,50,110.024599609375,9.088876519890482
0,1,unfused_INT4,1,10,10,50,109.71134765625,9.114827420890151
0,2,unfused_INT4,1,10,10,50,110.13169921875,9.080037873689225
0,3,unfused_INT4,1,10,10,50,109.91966796875,9.097552953710691
0,4,unfused_INT4,1,10,10,50,109.585224609375,9.125317793202298
0,0,fused_current,1,10,10,50,40.3895166015625,24.758899935962944
0,1,fused_current,1,10,10,50,40.4362890625,24.730261435572356
0,2,fused_current,1,10,10,50,40.40156494140625,24.751516468490372
0,3,fused_current,1,10,10,50,40.37232666015625,24.769441910488343
0,4,fused_current,1,10,10,50,40.419150390625,24.74074764896455
0,0,fused_hadacore256,1,10,10,50,40.4025732421875,24.750898760968557
0,1,fused_hadacore256,1,10,10,50,40.4234912109375,24.73809089823066
0,2,fused_hadacore256,1,10,10,50,40.440625,24.727609921953484
0,3,fused_hadacore256,1,10,10,50,40.40906005859375,24.746925529818927
0,4,fused_hadacore256,1,10,10,50,40.41726318359375,24.741902870997013
0,0,unfused_INT4,1,128,10,50,110.38203125,9.059445533622576
0,1,unfused_INT4,1,128,10,50,109.085009765625,9.167162400668557
0,2,unfused_INT4,1,128,10,50,109.329248046875,9.146683233120283
0,3,unfused_INT4,1,128,10,50,110.36171875,9.061112959515231
0,4,unfused_INT4,1,128,10,50,109.679248046875,9.117495039468336
0,0,fused_current,1,128,10,50,40.61095458984375,24.623897913743857
0,1,fused_current,1,128,10,50,40.610498046875,24.62417473545244
0,2,fused_current,1,128,10,50,40.6180029296875,24.61962499069852
0,3,fused_current,1,128,10,50,40.65732421875,24.59581438807103
0,4,fused_current,1,128,10,50,40.64782958984375,24.601559544272927
0,0,fused_hadacore256,1,128,10,50,40.6325048828125,24.610838118006328
0,1,fused_hadacore256,1,128,10,50,40.6387158203125,24.607076769393604
0,2,fused_hadacore256,1,128,10,50,40.64625732421875,24.60251117399087
0,3,fused_hadacore256,1,128,10,50,40.67076416015625,24.587686527406476
0,4,fused_hadacore256,1,128,10,50,40.691923828125,24.574901010426814
0,0,unfused_INT4,1,1024,10,50,110.99970703125,9.009032787072742
0,1,unfused_INT4,1,1024,10,50,111.1734765625,8.994951232255614
0,2,unfused_INT4,1,1024,10,50,109.226083984375,9.155322277626029
0,3,unfused_INT4,1,1024,10,50,110.512568359375,9.048744544132822
0,4,unfused_INT4,1,1024,10,50,110.085283203125,9.083866352551773
0,0,fused_current,1,1024,10,50,43.09203125,23.20614672811461
0,1,fused_current,1,1024,10,50,42.30654296875,23.637005763828455
0,2,fused_current,1,1024,10,50,42.325009765625,23.6266927175565
0,3,fused_current,1,1024,10,50,42.2769873046875,23.65353029517134
0,4,fused_current,1,1024,10,50,42.2594775390625,23.663330884193993
0,0,fused_hadacore256,1,1024,10,50,46.5318603515625,21.49065161901314
0,1,fused_hadacore256,1,1024,10,50,42.303994140625,23.63842990039772
0,2,fused_hadacore256,1,1024,10,50,42.32662109375,23.625793275231725
0,3,fused_hadacore256,1,1024,10,50,42.30603515625,23.63728948616134
0,4,fused_hadacore256,1,1024,10,50,42.3588134765625,23.607837848274684
0,0,unfused_INT4,1,4096,10,50,108.686796875,9.20074957356682
0,1,unfused_INT4,1,4096,10,50,110.2536328125,9.069995922044802
0,2,unfused_INT4,1,4096,10,50,109.019033203125,9.172710219662223
0,3,unfused_INT4,1,4096,10,50,109.886640625,9.100287298913866
0,4,unfused_INT4,1,4096,10,50,109.551669921875,9.128112795661936
0,0,fused_current,1,4096,10,50,48.0706494140625,20.802714591733015
0,1,fused_current,1,4096,10,50,48.0762353515625,20.80029754175624
0,2,fused_current,1,4096,10,50,48.0387890625,20.816511396633416
0,3,fused_current,1,4096,10,50,48.0492529296875,20.81197810636811
0,4,fused_current,1,4096,10,50,48.0903271484375,20.794202478876063
0,0,fused_hadacore256,1,4096,10,50,48.0827685546875,20.797471319951935
0,1,fused_hadacore256,1,4096,10,50,48.0510546875,20.81119772507595
0,2,fused_hadacore256,1,4096,10,50,48.1428759765625,20.771505227208117
0,3,fused_hadacore256,1,4096,10,50,48.0986474609375,20.79060540760804
0,4,fused_hadacore256,1,4096,10,50,48.0682177734375,20.80376694458183
0,0,unfused_INT4,2,10,10,50,109.88009765625,18.20165837726883
0,1,unfused_INT4,2,10,10,50,109.322021484375,18.294575720829062
0,2,unfused_INT4,2,10,10,50,109.3751953125,18.28568163271137
0,3,unfused_INT4,2,10,10,50,110.427744140625,18.11139053472908
0,4,unfused_INT4,2,10,10,50,109.69232421875,18.232816327344576
0,0,fused_current,2,10,10,50,40.80744140625,49.01066891426531
0,1,fused_current,2,10,10,50,40.81037353515625,49.007147613512835
0,2,fused_current,2,10,10,50,40.8044873046875,49.014217114553624
0,3,fused_current,2,10,10,50,40.83084228515625,48.98258003183748
0,4,fused_current,2,10,10,50,40.78849365234375,49.03343617067059
0,0,fused_hadacore256,2,10,10,50,40.8350048828125,48.97758689486045
0,1,fused_hadacore256,2,10,10,50,40.80864501953125,49.00922338986724
0,2,fused_hadacore256,2,10,10,50,40.8149755859375,49.001621862762676
0,3,fused_hadacore256,2,10,10,50,40.79881591796875,49.02103051277901
0,4,fused_hadacore256,2,10,10,50,40.85828857421875,48.94967630293707
0,0,unfused_INT4,2,128,10,50,108.82724609375,18.37775071765655
0,1,unfused_INT4,2,128,10,50,110.8083203125,18.049186147390643
0,2,unfused_INT4,2,128,10,50,109.729345703125,18.22666477398891
0,3,unfused_INT4,2,128,10,50,109.042783203125,18.341424725691365
0,4,unfused_INT4,2,128,10,50,110.049521484375,18.173636495856666
0,0,fused_current,2,128,10,50,40.8794970703125,48.92428095580558
0,1,fused_current,2,128,10,50,40.879345703125,48.92446211161132
0,2,fused_current,2,128,10,50,40.8634619140625,48.94347924329271
0,3,fused_current,2,128,10,50,40.891123046875,48.91037102862952
0,4,fused_current,2,128,10,50,40.87127197265625,48.93412667308329
0,0,fused_hadacore256,2,128,10,50,41.0224462890625,48.75379654121809
0,1,fused_hadacore256,2,128,10,50,41.030302734375,48.74446120828666
0,2,fused_hadacore256,2,128,10,50,41.015107421875,48.76252009846791
0,3,fused_hadacore256,2,128,10,50,41.0036767578125,48.77611370836242
0,4,fused_hadacore256,2,128,10,50,41.0232763671875,48.75281004126968
0,0,unfused_INT4,2,1024,10,50,110.375361328125,18.119985981784282
0,1,unfused_INT4,2,1024,10,50,110.316083984375,18.129722591342862
0,2,unfused_INT4,2,1024,10,50,110.726748046875,18.06248296168981
0,3,unfused_INT4,2,1024,10,50,110.521767578125,18.095982753680186
0,4,unfused_INT4,2,1024,10,50,109.16193359375,18.321405037062377
0,0,fused_current,2,1024,10,50,42.4854736328125,47.07491358776696
0,1,fused_current,2,1024,10,50,42.4830078125,47.07764593380626
0,2,fused_current,2,1024,10,50,42.5001416015625,47.058666739276724
0,3,fused_current,2,1024,10,50,42.487470703125,47.07270089045093
0,4,fused_current,2,1024,10,50,44.733701171875,44.709021333057976
0,0,fused_hadacore256,2,1024,10,50,42.491748046875,47.06796241457727
0,1,fused_hadacore256,2,1024,10,50,42.5139990234375,47.04332798468152
0,2,fused_hadacore256,2,1024,10,50,42.513251953125,47.04415466041494
0,3,fused_hadacore256,2,1024,10,50,42.4953369140625,47.06398737453386
0,4,fused_hadacore256,2,1024,10,50,42.5155419921875,47.04162069408671
0,0,unfused_INT4,2,4096,10,50,131.81833984375,15.172395604213243
0,1,unfused_INT4,2,4096,10,50,131.75826171875,15.179313797180948
0,2,unfused_INT4,2,4096,10,50,131.7496875,15.180301661057072
0,3,unfused_INT4,2,4096,10,50,131.781728515625,15.176610767879446
0,4,unfused_INT4,2,4096,10,50,131.8014453125,15.174340427436276
0,0,fused_current,2,4096,10,50,48.2414501953125,41.45812349966077
0,1,fused_current,2,4096,10,50,48.241044921875,41.45847178971648
0,2,fused_current,2,4096,10,50,48.2709716796875,41.43276860618083
0,3,fused_current,2,4096,10,50,48.2754345703125,41.42893829546014
0,4,fused_current,2,4096,10,50,48.290087890625,41.41636694739332
0,0,fused_hadacore256,2,4096,10,50,48.3065576171875,41.40224637510496
0,1,fused_hadacore256,2,4096,10,50,48.3081689453125,41.4008653953353
0,2,fused_hadacore256,2,4096,10,50,48.3097509765625,41.3995096139142
0,3,fused_hadacore256,2,4096,10,50,48.3352392578125,41.377678702122836
0,4,fused_hadacore256,2,4096,10,50,48.2950146484375,41.4121419065499
0,0,unfused_INT4,4,10,10,50,108.493232421875,36.86865909244951
0,1,unfused_INT4,4,10,10,50,109.453056640625,36.545347592561846
0,2,unfused_INT4,4,10,10,50,109.9704296875,36.37341430206913
0,3,unfused_INT4,4,10,10,50,108.239248046875,36.955171734634796
0,4,unfused_INT4,4,10,10,50,109.0264453125,36.688346469839416
0,0,fused_current,4,10,10,50,41.159912109375,97.18193735134142
0,1,fused_current,4,10,10,50,41.136416015625,97.23744524755547
0,2,fused_current,4,10,10,50,41.141240234375,97.22604319200506
0,3,fused_current,4,10,10,50,41.1501904296875,97.2048964593425
0,4,fused_current,4,10,10,50,41.125654296875,97.26289024182034
0,0,fused_hadacore256,4,10,10,50,41.1837548828125,97.12567519357852
0,1,fused_hadacore256,4,10,10,50,41.16224609375,97.17642693476226
0,2,fused_hadacore256,4,10,10,50,41.164228515625,97.17174702986821
0,3,fused_hadacore256,4,10,10,50,41.19638671875,97.09589404789843
0,4,fused_hadacore256,4,10,10,50,41.1689013671875,97.16071760875518
0,0,unfused_INT4,4,128,10,50,110.475634765625,36.207078678353234
0,1,unfused_INT4,4,128,10,50,110.0483203125,36.34766972036787
0,2,unfused_INT4,4,128,10,50,109.665908203125,36.47441639375415
0,3,unfused_INT4,4,128,10,50,109.736865234375,36.45083164583603
0,4,unfused_INT4,4,128,10,50,109.13408203125,36.65216150216593
0,0,fused_current,4,128,10,50,41.456328125,96.48707883484315
0,1,fused_current,4,128,10,50,41.4352734375,96.53610723803975
0,2,fused_current,4,128,10,50,41.4601611328125,96.4781585673653
0,3,fused_current,4,128,10,50,42.7359716796875,93.59796543250727
0,4,fused_current,4,128,10,50,41.4487158203125,96.50479926424515
0,0,fused_hadacore256,4,128,10,50,41.459375,96.47998794000151
0,1,fused_hadacore256,4,128,10,50,41.4860400390625,96.41797569094743
0,2,fused_hadacore256,4,128,10,50,41.4632421875,96.47098945884862
0,3,fused_hadacore256,4,128,10,50,41.47240234375,96.44968157005765
0,4,fused_hadacore256,4,128,10,50,41.470546875,96.45399690669018
0,0,unfused_INT4,4,1024,10,50,110.555537109375,36.180910559393446
0,1,unfused_INT4,4,1024,10,50,110.601357421875,36.16592140675545
0,2,unfused_INT4,4,1024,10,50,110.611943359375,36.162460205622786
0,3,unfused_INT4,4,1024,10,50,108.90458984375,36.7293977759704
0,4,unfused_INT4,4,1024,10,50,109.15009765625,36.64678352004166
0,0,fused_current,4,1024,10,50,43.0621826171875,92.88892844933204
0,1,fused_current,4,1024,10,50,43.05603515625,92.90219095845758
0,2,fused_current,4,1024,10,50,43.0496923828125,92.91587880421166
0,3,fused_current,4,1024,10,50,43.0547900390625,92.90487763082581
0,4,fused_current,4,1024,10,50,43.065166015625,92.88249344142109
0,0,fused_hadacore256,4,1024,10,50,43.07890625,92.85286810177544
0,1,fused_hadacore256,4,1024,10,50,43.1030859375,92.80078010655778
0,2,fused_hadacore256,4,1024,10,50,45.4882666015625,87.93476425550588
0,3,fused_hadacore256,4,1024,10,50,43.0842822265625,92.84128209367971
0,4,fused_hadacore256,4,1024,10,50,43.099775390625,92.80790824886931
0,0,unfused_INT4,4,4096,10,50,182.2102734375,21.95265900510292
0,1,unfused_INT4,4,4096,10,50,182.197109375,21.95424512343474
0,2,unfused_INT4,4,4096,10,50,182.2011328125,21.95376032110805
0,3,unfused_INT4,4,4096,10,50,182.19416015625,21.954600501847004
0,4,unfused_INT4,4,4096,10,50,182.20482421875,21.95331554557366
0,0,fused_current,4,4096,10,50,49.104580078125,81.45879658549227
0,1,fused_current,4,4096,10,50,49.0788623046875,81.50148174111122
0,2,fused_current,4,4096,10,50,49.0897705078125,81.48337135459639
0,3,fused_current,4,4096,10,50,49.065595703125,81.5235185200297
0,4,fused_current,4,4096,10,50,49.0642138671875,81.52581453414595
0,0,fused_hadacore256,4,4096,10,50,49.1484033203125,81.38616373620512
0,1,fused_hadacore256,4,4096,10,50,49.1119775390625,81.44652690514233
0,2,fused_hadacore256,4,4096,10,50,49.1063818359375,81.45580778815763
0,3,fused_hadacore256,4,4096,10,50,49.109833984375,81.45008189750055
0,4,fused_hadacore256,4,4096,10,50,49.10298828125,81.46143727727875
0,0,unfused_INT4,8,10,10,50,109.508837890625,73.05346448832032
0,1,unfused_INT4,8,10,10,50,110.7932421875,72.2065700222155
0,2,unfused_INT4,8,10,10,50,110.774658203125,72.21868367520105
0,3,unfused_INT4,8,10,10,50,109.222861328125,73.24473926723608
0,4,unfused_INT4,8,10,10,50,108.658330078125,73.62528021779853
0,0,fused_current,8,10,10,50,42.248037109375,189.3579097956428
0,1,fused_current,8,10,10,50,42.2476953125,189.35944175948947
0,2,fused_current,8,10,10,50,42.256875,189.3183061927793
0,3,fused_current,8,10,10,50,42.23455078125,189.41837552470415
0,4,fused_current,8,10,10,50,42.237021484375,189.40729527908329
0,0,fused_hadacore256,8,10,10,50,42.2911181640625,189.16501495574352
0,1,fused_hadacore256,8,10,10,50,42.258515625,189.31095618671532
0,2,fused_hadacore256,8,10,10,50,42.25208984375,189.33974697072583
0,3,fused_hadacore256,8,10,10,50,42.2517626953125,189.3412129971926
0,4,fused_hadacore256,8,10,10,50,42.2596728515625,189.30577215067603
0,0,unfused_INT4,8,128,10,50,111.607099609375,71.68002777601076
0,1,unfused_INT4,8,128,10,50,108.59361328125,73.66915749714073
0,2,unfused_INT4,8,128,10,50,110.221865234375,72.58088023632023
0,3,unfused_INT4,8,128,10,50,108.559326171875,73.69242498184002
0,4,unfused_INT4,8,128,10,50,111.294052734375,71.88164869055099
0,0,fused_current,8,128,10,50,42.544970703125,188.03632645144555
0,1,fused_current,8,128,10,50,42.64263671875,187.6056598648928
0,2,fused_current,8,128,10,50,42.532412109375,188.09184815165088
0,3,fused_current,8,128,10,50,42.53498046875,188.08049073579605
0,4,fused_current,8,128,10,50,42.553486328125,187.99869741136902
0,0,fused_hadacore256,8,128,10,50,42.551455078125,188.00767177789572
0,1,fused_hadacore256,8,128,10,50,42.5405810546875,188.05572941553623
0,2,fused_hadacore256,8,128,10,50,42.5629052734375,187.95709429620658
0,3,fused_hadacore256,8,128,10,50,42.549365234375,188.01690591466024
0,4,fused_hadacore256,8,128,10,50,42.5761572265625,187.89859210236438
0,0,unfused_INT4,8,1024,10,50,130.06482421875,61.50779081164305
0,1,unfused_INT4,8,1024,10,50,130.053916015625,61.51294974492625
0,2,unfused_INT4,8,1024,10,50,130.047333984375,61.51606307408954
0,3,unfused_INT4,8,1024,10,50,130.056123046875,61.51190588017628
0,4,unfused_INT4,8,1024,10,50,130.056533203125,61.51171189151592
0,0,fused_current,8,1024,10,50,44.4530517578125,179.96514713062464
0,1,fused_current,8,1024,10,50,44.428740234375,180.06362453217417
0,2,fused_current,8,1024,10,50,44.4512353515625,179.9725010278886
0,3,fused_current,8,1024,10,50,44.4388916015625,180.02249182377705
0,4,fused_current,8,1024,10,50,44.4963134765625,179.79017529651827
0,0,fused_hadacore256,8,1024,10,50,44.5633740234375,179.5196206596141
0,1,fused_hadacore256,8,1024,10,50,44.57595703125,179.46894543153826
0,2,fused_hadacore256,8,1024,10,50,44.57794921875,179.46092496859654
0,3,fused_hadacore256,8,1024,10,50,44.53333984375,179.64069230084377
0,4,fused_hadacore256,8,1024,10,50,44.58126953125,179.447559123283
0,0,unfused_INT4,8,4096,10,50,297.030859375,26.93322847610268
0,1,unfused_INT4,8,4096,10,50,297.0151171875,26.93465597224047
0,2,unfused_INT4,8,4096,10,50,297.02564453125,26.93370133957683
0,3,unfused_INT4,8,4096,10,50,297.04794921875,26.931678946245462
0,4,unfused_INT4,8,4096,10,50,297.0454296875,26.93190738001329
0,0,fused_current,8,4096,10,50,51.9278857421875,154.05980593391658
0,1,fused_current,8,4096,10,50,51.9769287109375,153.9144423959887
0,2,fused_current,8,4096,10,50,51.997236328125,153.85433082474898
0,3,fused_current,8,4096,10,50,52.0194580078125,153.78860730918277
0,4,fused_current,8,4096,10,50,52.0158056640625,153.79940573576786
0,0,fused_hadacore256,8,4096,10,50,51.9357666015625,154.03642852475616
0,1,fused_hadacore256,8,4096,10,50,51.9307763671875,154.0512304964269
0,2,fused_hadacore256,8,4096,10,50,51.8968505859375,154.1519361902813
0,3,fused_hadacore256,8,4096,10,50,51.8965185546875,154.15292244642117
0,4,fused_hadacore256,8,4096,10,50,51.89359375,154.1616107479548
1,0,fused_current,1,10,10,50,40.5129052734375,24.68349266118062
1,1,fused_current,1,10,10,50,40.3787451171875,24.765504650969028
1,2,fused_current,1,10,10,50,40.4235888671875,24.738031135372957
1,3,fused_current,1,10,10,50,40.49009765625,24.697396595328815
1,4,fused_current,1,10,10,50,40.42522216796875,24.737031644376664
1,0,fused_hadacore256,1,10,10,50,40.41944580078125,24.740566828372284
1,1,fused_hadacore256,1,10,10,50,40.46650146484375,24.711797753724127
1,2,fused_hadacore256,1,10,10,50,40.4281005859375,24.73527040614517
1,3,fused_hadacore256,1,10,10,50,40.4019189453125,24.751299594298644
1,4,fused_hadacore256,1,10,10,50,40.408095703125,24.747516125157663
1,0,unfused_INT4,1,10,10,50,108.75958984375,9.194591497050098
1,1,unfused_INT4,1,10,10,50,109.45189453125,9.136433903521755
1,2,unfused_INT4,1,10,10,50,107.230263671875,9.325725459931757
1,3,unfused_INT4,1,10,10,50,108.22349609375,9.240137641956577
1,4,unfused_INT4,1,10,10,50,107.548466796875,9.298133481425479
1,0,fused_current,1,128,10,50,40.62796875,24.613585930258942
1,1,fused_current,1,128,10,50,40.584423828125,24.639994995001018
1,2,fused_current,1,128,10,50,40.66489990234375,24.591232301111955
1,3,fused_current,1,128,10,50,40.61222900390625,24.623125214422874
1,4,fused_current,1,128,10,50,40.60895751953125,24.625108869614316
1,0,fused_hadacore256,1,128,10,50,40.6745751953125,24.585382765478617
1,1,fused_hadacore256,1,128,10,50,40.6423486328125,24.604877268157
1,2,fused_hadacore256,1,128,10,50,40.5954248046875,24.633317789164543
1,3,fused_hadacore256,1,128,10,50,40.6320361328125,24.6111220400409
1,4,fused_hadacore256,1,128,10,50,40.6079345703125,24.625729197541514
1,0,unfused_INT4,1,128,10,50,109.1537109375,9.161392603249075
1,1,unfused_INT4,1,128,10,50,108.076640625,9.252693220450476
1,2,unfused_INT4,1,128,10,50,109.491015625,9.133169459537562
1,3,unfused_INT4,1,128,10,50,108.3271484375,9.23129625789934
1,4,unfused_INT4,1,128,10,50,108.8988671875,9.182831978207991
1,0,fused_current,1,1024,10,50,42.288583984375,23.64704385395087
1,1,fused_current,1,1024,10,50,42.3438916015625,23.616157187666232
1,2,fused_current,1,1024,10,50,42.788974609375,23.370506284132862
1,3,fused_current,1,1024,10,50,42.303232421875,23.63885553773664
1,4,fused_current,1,1024,10,50,42.2814892578125,23.651011767879638
1,0,fused_hadacore256,1,1024,10,50,42.350771484375,23.612320742939534
1,1,fused_hadacore256,1,1024,10,50,42.3208984375,23.62898796859929
1,2,fused_hadacore256,1,1024,10,50,42.285009765625,23.649042664120085
1,3,fused_hadacore256,1,1024,10,50,42.2792529296875,23.652262769709996
1,4,fused_hadacore256,1,1024,10,50,42.3406640625,23.617957397264195
1,0,unfused_INT4,1,1024,10,50,109.384697265625,9.142046602475334
1,1,unfused_INT4,1,1024,10,50,108.184658203125,9.243454817063093
1,2,unfused_INT4,1,1024,10,50,107.840751953125,9.272932373790093
1,3,unfused_INT4,1,1024,10,50,107.72546875,9.282855870608593
1,4,unfused_INT4,1,1024,10,50,107.88466796875,9.269157692450435
1,0,fused_current,1,4096,10,50,48.1209765625,20.78095814828675
1,1,fused_current,1,4096,10,50,48.094111328125,20.79256633265223
1,2,fused_current,1,4096,10,50,48.092119140625,20.793427652375314
1,3,fused_current,1,4096,10,50,48.097705078125,20.791012759874967
1,4,fused_current,1,4096,10,50,48.0920068359375,20.79347620928837
1,0,fused_hadacore256,1,4096,10,50,48.1306689453125,20.77677335289542
1,1,fused_hadacore256,1,4096,10,50,48.1104833984375,20.785490590861063
1,2,fused_hadacore256,1,4096,10,50,48.1341015625,20.775291685906804
1,3,fused_hadacore256,1,4096,10,50,48.09408203125,20.792578998601783
1,4,fused_hadacore256,1,4096,10,50,48.107158203125,20.7869272963008
1,0,unfused_INT4,1,4096,10,50,107.9880078125,9.260287510223394
1,1,unfused_INT4,1,4096,10,50,110.16779296875,9.07706302406964
1,2,unfused_INT4,1,4096,10,50,108.590712890625,9.208890644333668
1,3,unfused_INT4,1,4096,10,50,108.7826953125,9.192638563765133
1,4,unfused_INT4,1,4096,10,50,108.676650390625,9.201608592145798
1,0,fused_current,2,10,10,50,41.0717138671875,48.695313920119
1,1,fused_current,2,10,10,50,40.81796630859375,48.998031525615794
1,2,fused_current,2,10,10,50,40.80201171875,49.01719096073215
1,3,fused_current,2,10,10,50,40.810390625,49.00712709117815
1,4,fused_current,2,10,10,50,40.7926953125,49.028385711672875
1,0,fused_hadacore256,2,10,10,50,40.856962890625,48.95126457035107
1,1,fused_hadacore256,2,10,10,50,40.85880126953125,48.94906208350799
1,2,fused_hadacore256,2,10,10,50,40.85701904296875,48.951197293582
1,3,fused_hadacore256,2,10,10,50,40.83777587890625,48.97426358209314
1,4,fused_hadacore256,2,10,10,50,40.85617919921875,48.952203539342314
1,0,unfused_INT4,2,10,10,50,108.272841796875,18.47185283777898
1,1,unfused_INT4,2,10,10,50,107.8858203125,18.538117374524642
1,2,unfused_INT4,2,10,10,50,107.96126953125,18.52516192782532
1,3,unfused_INT4,2,10,10,50,107.3894140625,18.623809594826657
1,4,unfused_INT4,2,10,10,50,107.103779296875,18.67347737988135
1,0,fused_current,2,128,10,50,41.00224609375,48.77781562080964
1,1,fused_current,2,128,10,50,41.00923828125,48.76949886958588
1,2,fused_current,2,128,10,50,40.975419921875,48.809749938213244
1,3,fused_current,2,128,10,50,41.004765625,48.77481847574882
1,4,fused_current,2,128,10,50,40.9899267578125,48.7924755713014
1,0,fused_hadacore256,2,128,10,50,40.90856201171875,48.889520962068424
1,1,fused_hadacore256,2,128,10,50,40.9309765625,48.86274816693118
1,2,fused_hadacore256,2,128,10,50,40.91439453125,48.88255155462267
1,3,fused_hadacore256,2,128,10,50,40.90313232421875,48.89601080296239
1,4,fused_hadacore256,2,128,10,50,40.89108154296875,48.91042067200841
1,0,unfused_INT4,2,128,10,50,108.8974609375,18.365901121862418
1,1,unfused_INT4,2,128,10,50,110.06416015625,18.171219379321542
1,2,unfused_INT4,2,128,10,50,107.09794921875,18.674493905713867
1,3,unfused_INT4,2,128,10,50,108.16232421875,18.49072691850772
1,4,unfused_INT4,2,128,10,50,109.282451171875,18.30120004221429
1,0,fused_current,2,1024,10,50,45.21349609375,44.23457977797178
1,1,fused_current,2,1024,10,50,42.514736328125,47.0425121436524
1,2,fused_current,2,1024,10,50,42.5096337890625,47.048158775590046
1,3,fused_current,2,1024,10,50,42.5018994140625,47.056720465962634
1,4,fused_current,2,1024,10,50,42.5079833984375,47.04998544046471
1,0,fused_hadacore256,2,1024,10,50,42.5453759765625,47.00863381961332
1,1,fused_hadacore256,2,1024,10,50,42.5235693359375,47.032740459765705
1,2,fused_hadacore256,2,1024,10,50,42.5559326171875,46.99697261932968
1,3,fused_hadacore256,2,1024,10,50,42.5426318359375,47.01166603215456
1,4,fused_hadacore256,2,1024,10,50,42.54208984375,47.01226496736918
1,0,unfused_INT4,2,1024,10,50,107.821689453125,18.54914359201811
1,1,unfused_INT4,2,1024,10,50,108.6078125,18.414881526133307
1,2,unfused_INT4,2,1024,10,50,108.564951171875,18.42215170192167
1,3,unfused_INT4,2,1024,10,50,108.263349609375,18.473472391314328
1,4,unfused_INT4,2,1024,10,50,108.257177734375,18.474525586721796
1,0,fused_current,2,4096,10,50,48.3990478515625,41.323126978322
1,1,fused_current,2,4096,10,50,48.2165966796875,41.47949332231804
1,2,fused_current,2,4096,10,50,48.251318359375,41.44964465227736
1,3,fused_current,2,4096,10,50,48.230361328125,41.46765533008193
1,4,fused_current,2,4096,10,50,48.2637451171875,41.43897236204672
1,0,fused_hadacore256,2,4096,10,50,48.2932470703125,41.41365762977383
1,1,fused_hadacore256,2,4096,10,50,48.3166552734375,41.393593755226625
1,2,fused_hadacore256,2,4096,10,50,48.339228515625,41.37426395527862
1,3,fused_hadacore256,2,4096,10,50,48.33638671875,41.37669643445208
1,4,fused_hadacore256,2,4096,10,50,48.2980810546875,41.409512683028076
1,0,unfused_INT4,2,4096,10,50,131.623408203125,15.194865619294275
1,1,unfused_INT4,2,4096,10,50,131.605751953125,15.196904165042534
1,2,unfused_INT4,2,4096,10,50,131.611455078125,15.196245636922662
1,3,unfused_INT4,2,4096,10,50,131.60732421875,15.196722613064582
1,4,unfused_INT4,2,4096,10,50,131.60888671875,15.196542193036155
1,0,fused_current,4,10,10,50,41.13201171875,97.24785715201483
1,1,fused_current,4,10,10,50,41.1502978515625,97.20464270826943
1,2,fused_current,4,10,10,50,41.140263671875,97.2283510845495
1,3,fused_current,4,10,10,50,41.154033203125,97.19581991531908
1,4,fused_current,4,10,10,50,41.16400390625,97.17227724275561
1,0,fused_hadacore256,4,10,10,50,41.20427734375,97.07730017031189
1,1,fused_hadacore256,4,10,10,50,41.1653271484375,97.16915368063161
1,2,fused_hadacore256,4,10,10,50,41.1974267578125,97.09344283842819
1,3,fused_hadacore256,4,10,10,50,41.162548828125,97.1757122403201
1,4,fused_hadacore256,4,10,10,50,41.1970458984375,97.09434045006877
1,0,unfused_INT4,4,10,10,50,109.251171875,36.61287958152623
1,1,unfused_INT4,4,10,10,50,108.842451171875,36.75036676345639
1,2,unfused_INT4,4,10,10,50,107.9916015625,37.03991738362178
1,3,unfused_INT4,4,10,10,50,106.5417578125,37.543964752669964
1,4,unfused_INT4,4,10,10,50,109.4561328125,36.54432051653113
1,0,fused_current,4,128,10,50,41.4350341796875,96.53666466530638
1,1,fused_current,4,128,10,50,41.428681640625,96.55146728293657
1,2,fused_current,4,128,10,50,41.4419580078125,96.52053600474025
1,3,fused_current,4,128,10,50,41.416162109375,96.58065345206278
1,4,fused_current,4,128,10,50,41.4263134765625,96.55698671481001
1,0,fused_hadacore256,4,128,10,50,41.46490234375,96.46712698945787
1,1,fused_hadacore256,4,128,10,50,41.4752880859375,96.44297085319654
1,2,fused_hadacore256,4,128,10,50,42.4294677734375,94.27410264392135
1,3,fused_hadacore256,4,128,10,50,41.481171875,96.4292911505408
1,4,fused_hadacore256,4,128,10,50,41.4646142578125,96.46779721932046
1,0,unfused_INT4,4,128,10,50,109.988623046875,36.367397728902176
1,1,unfused_INT4,4,128,10,50,109.489189453125,36.53328716724584
1,2,unfused_INT4,4,128,10,50,108.70796875,36.79583057244826
1,3,unfused_INT4,4,128,10,50,110.34931640625,36.24852541246415
1,4,unfused_INT4,4,128,10,50,108.99580078125,36.698661520252806
1,0,fused_current,4,1024,10,50,43.677294921875,91.58076312085598
1,1,fused_current,4,1024,10,50,45.619755859375,87.6813109726011
1,2,fused_current,4,1024,10,50,43.0842236328125,92.84140835611207
1,3,fused_current,4,1024,10,50,43.0609375,92.89161435465728
1,4,fused_current,4,1024,10,50,43.0824853515625,92.84515429783416
1,0,fused_hadacore256,4,1024,10,50,43.0838818359375,92.84214489381237
1,1,fused_hadacore256,4,1024,10,50,43.0887451171875,92.83166611423214
1,2,fused_hadacore256,4,1024,10,50,43.06255859375,92.88811744178506
1,3,fused_hadacore256,4,1024,10,50,43.078046875,92.85472044744368
1,4,fused_hadacore256,4,1024,10,50,43.1035986328125,92.7996762886292
1,0,unfused_INT4,4,1024,10,50,108.0034375,37.0358582336789
1,1,unfused_INT4,4,1024,10,50,107.337099609375,37.265773106940124
1,2,unfused_INT4,4,1024,10,50,107.864296875,37.08363300819968
1,3,unfused_INT4,4,1024,10,50,108.095048828125,37.00447007855229
1,4,unfused_INT4,4,1024,10,50,107.576005859375,37.183012773581325
1,0,fused_current,4,4096,10,50,49.17501953125,81.34211309175096
1,1,fused_current,4,4096,10,50,49.0493994140625,81.55043788065623
1,2,fused_current,4,4096,10,50,49.0619873046875,81.52951439082514
1,3,fused_current,4,4096,10,50,49.05763671875,81.5367446852813
1,4,fused_current,4,4096,10,50,49.0525,81.54528311502982
1,0,fused_hadacore256,4,4096,10,50,49.1041943359375,81.45943649201779
1,1,fused_hadacore256,4,4096,10,50,49.0979150390625,81.4698546123106
1,2,fused_hadacore256,4,4096,10,50,49.066689453125,81.52170127192562
1,3,fused_hadacore256,4,4096,10,50,49.1092431640625,81.45106180188799
1,4,fused_hadacore256,4,4096,10,50,49.1102734375,81.449353058288
1,0,unfused_INT4,4,4096,10,50,182.10234375,21.965670060191087
1,1,unfused_INT4,4,4096,10,50,182.10455078125,21.965403845425765
1,2,unfused_INT4,4,4096,10,50,182.1001171875,21.965938637378176
1,3,unfused_INT4,4,4096,10,50,182.09203125,21.966914051874525
1,4,unfused_INT4,4,4096,10,50,182.0960546875,21.966428689871996
1,0,fused_current,8,10,10,50,42.264990234375,189.28195548223346
1,1,fused_current,8,10,10,50,42.260625,189.30150701746604
1,2,fused_current,8,10,10,50,42.268525390625,189.2661247599229
1,3,fused_current,8,10,10,50,42.2689599609375,189.26417890085614
1,4,fused_current,8,10,10,50,42.25978515625,189.3052690736844
1,0,fused_hadacore256,8,10,10,50,42.3299169921875,188.9916297609678
1,1,fused_hadacore256,8,10,10,50,42.316669921875,189.0507928617633
1,2,fused_hadacore256,8,10,10,50,42.2850439453125,189.19218838571973
1,3,fused_hadacore256,8,10,10,50,42.3077734375,189.09054648829863
1,4,fused_hadacore256,8,10,10,50,42.301650390625,189.1179168218217
1,0,unfused_INT4,8,10,10,50,106.671962890625,74.99627627741994
1,1,unfused_INT4,8,10,10,50,108.7502734375,73.5630334262809
1,2,unfused_INT4,8,10,10,50,108.402275390625,73.7991889115998
1,3,unfused_INT4,8,10,10,50,108.691787109375,73.60261720556414
1,4,unfused_INT4,8,10,10,50,109.184521484375,73.27045895552925
1,0,fused_current,8,128,10,50,45.0800146484375,177.4622315983938
1,1,fused_current,8,128,10,50,42.5163427734375,188.16293872289688
1,2,fused_current,8,128,10,50,42.5077587890625,188.20093620316788
1,3,fused_current,8,128,10,50,42.5201806640625,188.14595505144445
1,4,fused_current,8,128,10,50,42.5371142578125,188.07105605502366
1,0,fused_hadacore256,8,128,10,50,42.5599755859375,187.9700326389127
1,1,fused_hadacore256,8,128,10,50,42.5508154296875,188.01049801782264
1,2,fused_hadacore256,8,128,10,50,42.557373046875,187.98152769411698
1,3,fused_hadacore256,8,128,10,50,42.559521484375,187.97203824147937
1,4,fused_hadacore256,8,128,10,50,42.5598974609375,187.97037768576845
1,0,unfused_INT4,8,128,10,50,109.403515625,73.12379272546801
1,1,unfused_INT4,8,128,10,50,108.7446484375,73.56683859802008
1,2,unfused_INT4,8,128,10,50,109.9648046875,72.75054980304422
1,3,unfused_INT4,8,128,10,50,109.541669921875,73.03156876926919
1,4,unfused_INT4,8,128,10,50,108.3773828125,73.81613942311678
1,0,fused_current,8,1024,10,50,44.4925,179.8055852109906
1,1,fused_current,8,1024,10,50,44.433173828125,180.0456575743463
1,2,fused_current,8,1024,10,50,44.43080078125,180.05527380402373
1,3,fused_current,8,1024,10,50,44.44421875,180.00091406714176
1,4,fused_current,8,1024,10,50,44.4282763671875,180.06550454224686
1,0,fused_hadacore256,8,1024,10,50,44.47263671875,179.88589366969418
1,1,fused_hadacore256,8,1024,10,50,44.4394873046875,180.0200786555014
1,2,fused_hadacore256,8,1024,10,50,44.442392578125,180.00831044226186
1,3,fused_hadacore256,8,1024,10,50,44.4473681640625,179.98815971444455
1,4,fused_hadacore256,8,1024,10,50,44.4589306640625,179.94134992694825
1,0,unfused_INT4,8,1024,10,50,130.501552734375,61.301952600390365
1,1,unfused_INT4,8,1024,10,50,130.507412109375,61.2992003342722
1,2,unfused_INT4,8,1024,10,50,130.53376953125,61.286822779486094
1,3,unfused_INT4,8,1024,10,50,130.520107421875,61.29323793874851
1,4,unfused_INT4,8,1024,10,50,130.523701171875,61.291550332805194
1,0,fused_current,8,4096,10,50,51.7151220703125,154.6936307937764
1,1,fused_current,8,4096,10,50,51.7250830078125,154.66384072871742
1,2,fused_current,8,4096,10,50,51.7641015625,154.54725878591356
1,3,fused_current,8,4096,10,50,51.7852294921875,154.48420482923433
1,4,fused_current,8,4096,10,50,51.7919677734375,154.46410599797588
1,0,fused_hadacore256,8,4096,10,50,51.725322265625,154.66312532414216
1,1,fused_hadacore256,8,4096,10,50,51.7565234375,154.56988740096924
1,2,fused_hadacore256,8,4096,10,50,51.790771484375,154.46767388691163
1,3,fused_hadacore256,8,4096,10,50,51.7939013671875,154.45833947292033
1,4,fused_hadacore256,8,4096,10,50,51.7863818359375,154.48076726704912
1,0,unfused_INT4,8,4096,10,50,297.1621875,26.921325580832857
1,1,unfused_INT4,8,4096,10,50,297.1194140625,26.925201186339088
1,2,unfused_INT4,8,4096,10,50,297.1641015625,26.921152177990884
1,3,unfused_INT4,8,4096,10,50,297.18955078125,26.91884684023934
1,4,unfused_INT4,8,4096,10,50,297.18484375,26.919273200654263
2,0,fused_hadacore256,1,10,10,50,40.4340625,24.731623244634395
2,1,fused_hadacore256,1,10,10,50,40.44871826171875,24.72266224926129
2,2,fused_hadacore256,1,10,10,50,40.44496337890625,24.72495748436113
2,3,fused_hadacore256,1,10,10,50,40.4476708984375,24.72330242477893
2,4,fused_hadacore256,1,10,10,50,40.43050537109375,24.733799165294663
2,0,unfused_INT4,1,10,10,50,110.76109375,9.028440999843413
2,1,unfused_INT4,1,10,10,50,109.065107421875,9.168835236478497
2,2,unfused_INT4,1,10,10,50,110.138720703125,9.079459009656235
2,3,unfused_INT4,1,10,10,50,110.973994140625,9.011120197519531
2,4,unfused_INT4,1,10,10,50,110.6524609375,9.03730465212908
2,0,fused_current,1,10,10,50,44.221962890625,22.613197936810685
2,1,fused_current,1,10,10,50,41.3966455078125,24.156546689544616
2,2,fused_current,1,10,10,50,41.9419677734375,23.84246741597364
2,3,fused_current,1,10,10,50,40.65271484375,24.598603164475776
2,4,fused_current,1,10,10,50,41.0056298828125,24.386895235065023
2,0,fused_hadacore256,1,128,10,50,41.26953125,24.230951254141033
2,1,fused_hadacore256,1,128,10,50,41.1632275390625,24.29352749492333
2,2,fused_hadacore256,1,128,10,50,42.2094921875,23.69135348887571
2,3,fused_hadacore256,1,128,10,50,41.531298828125,24.078226017887015
2,4,fused_hadacore256,1,128,10,50,41.8465234375,23.89684776307769
2,0,unfused_INT4,1,128,10,50,113.05197265625,8.845489171963738
2,1,unfused_INT4,1,128,10,50,113.3136328125,8.825063455998269
2,2,unfused_INT4,1,128,10,50,113.856494140625,8.782986052292218
2,3,unfused_INT4,1,128,10,50,112.492705078125,8.889465315155418
2,4,unfused_INT4,1,128,10,50,112.983623046875,8.850840263682436
2,0,fused_current,1,128,10,50,41.187451171875,24.279239708886227
2,1,fused_current,1,128,10,50,40.5909228515625,24.636049878858717
2,2,fused_current,1,128,10,50,41.0688525390625,24.349353297583697
2,3,fused_current,1,128,10,50,41.0495166015625,24.360822801064025
2,4,fused_current,1,128,10,50,40.6081787109375,24.625581145077497
2,0,fused_hadacore256,1,1024,10,50,42.3261279296875,23.62606855182236
2,1,fused_hadacore256,1,1024,10,50,42.3283349609375,23.624836670822162
2,2,fused_hadacore256,1,1024,10,50,42.347734375,23.614014179477575
2,3,fused_hadacore256,1,1024,10,50,42.33015625,23.623820193198554
2,4,fused_hadacore256,1,1024,10,50,42.3149755859375,23.632295331686993
2,0,unfused_INT4,1,1024,10,50,109.69984375,9.115783266555473
2,1,unfused_INT4,1,1024,10,50,110.274619140625,9.06826981397029
2,2,unfused_INT4,1,1024,10,50,108.0654296875,9.253653114522994
2,3,unfused_INT4,1,1024,10,50,109.888125,9.100164371718964
2,4,unfused_INT4,1,1024,10,50,108.650771484375,9.20380027070318
2,0,fused_current,1,1024,10,50,42.282490234375,23.650451864517095
2,1,fused_current,1,1024,10,50,42.3141748046875,23.63274256477339
2,2,fused_current,1,1024,10,50,42.282646484375,23.65036446735984
2,3,fused_current,1,1024,10,50,42.2688720703125,23.658071555269842
2,4,fused_current,1,1024,10,50,42.235078125,23.67700130778437
2,0,fused_hadacore256,1,4096,10,50,48.2198583984375,20.73834376984408
2,1,fused_hadacore256,1,4096,10,50,48.0476123046875,20.812688748373883
2,2,fused_hadacore256,1,4096,10,50,48.117177734375,20.78259879497459
2,3,fused_hadacore256,1,4096,10,50,48.1326708984375,20.775909197103424
2,4,fused_hadacore256,1,4096,10,50,48.3645166015625,20.676315411941765
2,0,unfused_INT4,1,4096,10,50,108.779365234375,9.192919979312338
2,1,unfused_INT4,1,4096,10,50,109.771708984375,9.109815354540402
2,2,unfused_INT4,1,4096,10,50,108.522314453125,9.214694738490293
2,3,unfused_INT4,1,4096,10,50,108.463232421875,9.219714161850101
2,4,unfused_INT4,1,4096,10,50,109.489189453125,9.13332179181146
2,0,fused_current,1,4096,10,50,48.053046875,20.810334932585896
2,1,fused_current,1,4096,10,50,48.089345703125,20.794626863368133
2,2,fused_current,1,4096,10,50,48.072685546875,20.801833486604654
2,3,fused_current,1,4096,10,50,48.09009765625,20.794301711509117
2,4,fused_current,1,4096,10,50,48.100810546875,20.789670457330114
2,0,fused_hadacore256,2,10,10,50,40.8217431640625,48.993498194381466
2,1,fused_hadacore256,2,10,10,50,40.849970703125,48.95964343609678
2,2,fused_hadacore256,2,10,10,50,40.82005859375,48.995520067828174
2,3,fused_hadacore256,2,10,10,50,40.84239013671875,48.96873060820036
2,4,fused_hadacore256,2,10,10,50,40.830712890625,48.98273526003542
2,0,unfused_INT4,2,10,10,50,110.65130859375,18.074797536673394
2,1,unfused_INT4,2,10,10,50,107.361953125,18.628573175000163
2,2,unfused_INT4,2,10,10,50,107.996328125,18.519148148121353
2,3,unfused_INT4,2,10,10,50,108.267138671875,18.472825868811366
2,4,unfused_INT4,2,10,10,50,110.347919921875,18.12449207394191
2,0,fused_current,2,10,10,50,40.84212890625,48.96904381725174
2,1,fused_current,2,10,10,50,40.8355810546875,48.97689584290661
2,2,fused_current,2,10,10,50,40.82419677734375,48.99055359026542
2,3,fused_current,2,10,10,50,40.83796875,48.97403228460034
2,4,fused_current,2,10,10,50,40.82596435546875,48.98843252265012
2,0,fused_hadacore256,2,128,10,50,41.024150390625,48.75177135800106
2,1,fused_hadacore256,2,128,10,50,41.0093310546875,48.769388540693924
2,2,fused_hadacore256,2,128,10,50,41.017490234375,48.759687357074945
2,3,fused_hadacore256,2,128,10,50,41.0191748046875,48.75768490036636
2,4,fused_hadacore256,2,128,10,50,40.9833447265625,48.80031176917929
2,0,unfused_INT4,2,128,10,50,110.67158203125,18.071486494475757
2,1,unfused_INT4,2,128,10,50,109.913671875,18.196098500598836
2,2,unfused_INT4,2,128,10,50,109.47748046875,18.268597262529198
2,3,unfused_INT4,2,128,10,50,108.622236328125,18.41243623412815
2,4,unfused_INT4,2,128,10,50,109.8869921875,18.20051636855619
2,0,fused_current,2,128,10,50,40.9948291015625,48.78664075035187
2,1,fused_current,2,128,10,50,41.003603515625,48.77620083410161
2,2,fused_current,2,128,10,50,40.9740771484375,48.81134949677
2,3,fused_current,2,128,10,50,40.99103515625,48.7911562217539
2,4,fused_current,2,128,10,50,41.0015625,48.7786288632293
2,0,fused_hadacore256,2,1024,10,50,42.543779296875,47.010398066513744
2,1,fused_hadacore256,2,1024,10,50,42.5174072265625,47.03955698292233
2,2,fused_hadacore256,2,1024,10,50,42.5202294921875,47.036434748487714
2,3,fused_hadacore256,2,1024,10,50,42.528056640625,47.02777784794183
2,4,fused_hadacore256,2,1024,10,50,42.5327490234375,47.022589555589455
2,0,unfused_INT4,2,1024,10,50,109.431611328125,18.27625469210267
2,1,unfused_INT4,2,1024,10,50,109.072158203125,18.336485065926738
2,2,unfused_INT4,2,1024,10,50,110.7459375,18.0593531929783
2,3,unfused_INT4,2,1024,10,50,110.6725,18.07133660123337
2,4,unfused_INT4,2,1024,10,50,108.308916015625,18.465700457305598
2,0,fused_current,2,1024,10,50,42.48873046875,47.07130521282528
2,1,fused_current,2,1024,10,50,42.4897705078125,47.07015302971016
2,2,fused_current,2,1024,10,50,42.5117626953125,47.04580269546262
2,3,fused_current,2,1024,10,50,42.49515625,47.06418746254169
2,4,fused_current,2,1024,10,50,42.522841796875,47.03354516035614
2,0,fused_hadacore256,2,4096,10,50,48.4141943359375,41.31019894955506
2,1,fused_hadacore256,2,4096,10,50,48.2484619140625,41.4520985883921
2,2,fused_hadacore256,2,4096,10,50,48.26498046875,41.43791172348935
2,3,fused_hadacore256,2,4096,10,50,48.2980517578125,41.409537801418416
2,4,fused_hadacore256,2,4096,10,50,48.2687158203125,41.43470498459703
2,0,unfused_INT4,2,4096,10,50,131.57701171875,15.200223609539508
2,1,unfused_INT4,2,4096,10,50,131.57482421875,15.200476321175971
2,2,unfused_INT4,2,4096,10,50,131.574111328125,15.200558679908667
2,3,unfused_INT4,2,4096,10,50,131.58572265625,15.199217359049895
2,4,unfused_INT4,2,4096,10,50,131.571796875,15.200826069891736
2,0,fused_current,2,4096,10,50,48.237490234375,41.46152692195333
2,1,fused_current,2,4096,10,50,48.23052734375,41.46751259312474
2,2,fused_current,2,4096,10,50,48.254521484375,41.44689323357207
2,3,fused_current,2,4096,10,50,48.2576416015625,41.44421346805401
2,4,fused_current,2,4096,10,50,48.23291015625,41.46546400623602
2,0,fused_hadacore256,4,10,10,50,41.1444873046875,97.21837023703267
2,1,fused_hadacore256,4,10,10,50,41.14599609375,97.21480532118149
2,2,fused_hadacore256,4,10,10,50,41.133193359375,97.24506349537599
2,3,fused_hadacore256,4,10,10,50,41.1570654296875,97.18865906106882
2,4,fused_hadacore256,4,10,10,50,41.148837890625,97.20809152939226
2,0,unfused_INT4,4,10,10,50,105.153828125,38.03950908230427
2,1,unfused_INT4,4,10,10,50,108.6605078125,36.811902323355895
2,2,unfused_INT4,4,10,10,50,109.216689453125,36.62443917709821
2,3,unfused_INT4,4,10,10,50,109.401220703125,36.56266332580091
2,4,unfused_INT4,4,10,10,50,109.453798828125,36.54509978480682
2,0,fused_current,4,10,10,50,41.1172607421875,97.28274519746604
2,1,fused_current,4,10,10,50,41.1397802734375,97.22949353190052
2,2,fused_current,4,10,10,50,41.1474755859375,97.21130988086749
2,3,fused_current,4,10,10,50,41.1523779296875,97.1997294259485
2,4,fused_current,4,10,10,50,41.1409326171875,97.22677016633587
2,0,fused_hadacore256,4,128,10,50,41.4566552734375,96.48631742278828
2,1,fused_hadacore256,4,128,10,50,41.4374072265625,96.53113618160674
2,2,fused_hadacore256,4,128,10,50,41.4575390625,96.48426053388586
2,3,fused_hadacore256,4,128,10,50,41.42828125,96.55240042090813
2,4,fused_hadacore256,4,128,10,50,41.4325,96.54256923912388
2,0,unfused_INT4,4,128,10,50,109.581953125,36.502360890001704
2,1,unfused_INT4,4,128,10,50,109.74525390625,36.44804542907163
2,2,unfused_INT4,4,128,10,50,105.519423828125,37.90771267397544
2,3,unfused_INT4,4,128,10,50,109.2390625,36.616938194613304
2,4,unfused_INT4,4,128,10,50,109.59794921875,36.49703327948476
2,0,fused_current,4,128,10,50,41.4503466796875,96.50100229343019
2,1,fused_current,4,128,10,50,41.4581103515625,96.48293098938228
2,2,fused_current,4,128,10,50,41.4426708984375,96.51887567291931
2,3,fused_current,4,128,10,50,41.4464404296875,96.51009733359048
2,4,fused_current,4,128,10,50,41.4368994140625,96.5323191783629
2,0,fused_hadacore256,4,1024,10,50,43.08609375,92.83737864957878
2,1,fused_hadacore256,4,1024,10,50,43.0584716796875,92.896933958921
2,2,fused_hadacore256,4,1024,10,50,43.0673583984375,92.87776517412597
2,3,fused_hadacore256,4,1024,10,50,43.0901806640625,92.82857343264811
2,4,fused_hadacore256,4,1024,10,50,43.0726318359375,92.86639403034143
2,0,unfused_INT4,4,1024,10,50,108.248486328125,36.9520178589391
2,1,unfused_INT4,4,1024,10,50,105.384580078125,37.95621709584714
2,2,unfused_INT4,4,1024,10,50,106.42955078125,37.583546774724255
2,3,unfused_INT4,4,1024,10,50,108.061826171875,37.015846776806285
2,4,unfused_INT4,4,1024,10,50,109.211953125,36.626027513872465
2,0,fused_current,4,1024,10,50,43.0398291015625,92.9371719985474
2,1,fused_current,4,1024,10,50,43.05525390625,92.90387669550708
2,2,fused_current,4,1024,10,50,43.0801025390625,92.85028967544902
2,3,fused_current,4,1024,10,50,43.0544677734375,92.90557303016539
2,4,fused_current,4,1024,10,50,43.079501953125,92.85158413280678
2,0,fused_hadacore256,4,4096,10,50,49.2063671875,81.290292875271
2,1,fused_hadacore256,4,4096,10,50,49.07671875,81.50504153254948
2,2,fused_hadacore256,4,4096,10,50,49.0512353515625,81.54738553129188
2,3,fused_hadacore256,4,4096,10,50,49.0585498046875,81.53522710974639
2,4,fused_hadacore256,4,4096,10,50,49.0594287109375,81.53376639520926
2,0,unfused_INT4,4,4096,10,50,182.06796875,21.969817247164734
2,1,unfused_INT4,4,4096,10,50,182.08314453125,21.967986165317463
2,2,unfused_INT4,4,4096,10,50,182.16623046875,21.95796657650105
2,3,unfused_INT4,4,4096,10,50,182.0743359375,21.969048956867077
2,4,unfused_INT4,4,4096,10,50,182.09126953125,21.967005943212072
2,0,fused_current,4,4096,10,50,49.0415576171875,81.56347788183074
2,1,fused_current,4,4096,10,50,49.0405322265625,81.56518329614345
2,2,fused_current,4,4096,10,50,49.04947265625,81.55031610702363
2,3,fused_current,4,4096,10,50,49.0389013671875,81.5678958639242
2,4,fused_current,4,4096,10,50,49.04896484375,81.55116041169
2,0,fused_hadacore256,8,10,10,50,42.309794921875,189.08151208891445
2,1,fused_hadacore256,8,10,10,50,42.2787744140625,189.2202437481038
2,2,fused_hadacore256,8,10,10,50,42.2879345703125,189.17925600500382
2,3,fused_hadacore256,8,10,10,50,42.2677001953125,189.2698198159171
2,4,fused_hadacore256,8,10,10,50,42.325712890625,189.01040180168997
2,0,unfused_INT4,8,10,10,50,109.30857421875,73.18730536170271
2,1,unfused_INT4,8,10,10,50,109.293642578125,73.19730417330963
2,2,unfused_INT4,8,10,10,50,110.319189453125,72.51684896941005
2,3,unfused_INT4,8,10,10,50,108.0957421875,74.00846544097374
2,4,unfused_INT4,8,10,10,50,109.73619140625,72.90211093971284
2,0,fused_current,8,10,10,50,42.2660546875,189.27718849438682
2,1,fused_current,8,10,10,50,42.3782958984375,188.7758776136858
2,2,fused_current,8,10,10,50,42.2517333984375,189.3413442842524
2,3,fused_current,8,10,10,50,42.249990234375,189.34915619202022
2,4,fused_current,8,10,10,50,42.24603515625,189.36688307935702
2,0,fused_hadacore256,8,128,10,50,42.556220703125,187.9866178862199
2,1,fused_hadacore256,8,128,10,50,42.5601416015625,187.9692994185503
2,2,fused_hadacore256,8,128,10,50,42.5494677734375,188.0164528166951
2,3,fused_hadacore256,8,128,10,50,42.5441552734375,188.0399304812337
2,4,fused_hadacore256,8,128,10,50,42.6016357421875,187.78621667049674
2,0,unfused_INT4,8,128,10,50,108.402216796875,73.79922880166251
2,1,unfused_INT4,8,128,10,50,108.624560546875,73.64816906713968
2,2,unfused_INT4,8,128,10,50,110.199365234375,72.59569946691964
2,3,unfused_INT4,8,128,10,50,110.378759765625,72.47771235142488
2,4,unfused_INT4,8,128,10,50,110.72037109375,72.25409309029662
2,0,fused_current,8,128,10,50,44.772685546875,178.68036956649289
2,1,fused_current,8,128,10,50,42.5444140625,188.0387866723837
2,2,fused_current,8,128,10,50,42.5392529296875,188.06160073434015
2,3,fused_current,8,128,10,50,42.5446435546875,188.03777236296938
2,4,fused_current,8,128,10,50,42.5173486328125,188.1584872351624
2,0,fused_hadacore256,8,1024,10,50,44.5563525390625,179.54791054735483
2,1,fused_hadacore256,8,1024,10,50,44.4567822265625,179.95004584969885
2,2,fused_hadacore256,8,1024,10,50,44.420048828125,180.09885650856646
2,3,fused_hadacore256,8,1024,10,50,44.4429736328125,180.0059569842454
2,4,fused_hadacore256,8,1024,10,50,44.4347509765625,180.03926710919728
2,0,unfused_INT4,8,1024,10,50,130.501689453125,61.3018883780315
2,1,unfused_INT4,8,1024,10,50,130.48591796875,61.30929777354148
2,2,unfused_INT4,8,1024,10,50,131.811083984375,60.69292322145175
2,3,unfused_INT4,8,1024,10,50,130.474169921875,61.31481813442631
2,4,unfused_INT4,8,1024,10,50,130.4899609375,61.30739822837185
2,0,fused_current,8,1024,10,50,44.45935546875,179.9396306053765
2,1,fused_current,8,1024,10,50,44.4349658203125,180.03839661654405
2,2,fused_current,8,1024,10,50,44.4515771484375,179.97111718411108
2,3,fused_current,8,1024,10,50,44.4349609375,180.0384164003745
2,4,fused_current,8,1024,10,50,44.516162109375,179.71001139640512
2,0,fused_hadacore256,8,4096,10,50,51.7398974609375,154.61955652385717
2,1,fused_hadacore256,8,4096,10,50,51.7545654296875,154.57573517583884
2,2,fused_hadacore256,8,4096,10,50,51.7585693359375,154.5637776051388
2,3,fused_hadacore256,8,4096,10,50,51.791845703125,154.46447006072424
2,4,fused_hadacore256,8,4096,10,50,51.78064453125,154.4978837637284
2,0,unfused_INT4,8,4096,10,50,297.06236328125,26.930372167092177
2,1,unfused_INT4,8,4096,10,50,297.0655078125,26.93008710068552
2,2,unfused_INT4,8,4096,10,50,297.054921875,26.931046789274816
2,3,unfused_INT4,8,4096,10,50,297.07755859375,26.928994697105022
2,4,unfused_INT4,8,4096,10,50,297.0795703125,26.92881234338917
2,0,fused_current,8,4096,10,50,53.0527685546875,150.79326146294312
2,1,fused_current,8,4096,10,50,53.272783203125,150.17049080196577
2,2,fused_current,8,4096,10,50,53.0039892578125,150.93203572070462
2,3,fused_current,8,4096,10,50,52.4236865234375,152.60277425211925
2,4,fused_current,8,4096,10,50,52.1643896484375,153.36132664287058
