workload,variant,batch,context_len,iterations,event_ms_per_token,kernel_sum_ms_per_token,gpu_busy_union_ms_per_token,estimated_launch_gap_ms,gpu_busy_percent_of_event,kernel_calls_per_token
fused_current_B1_L128,fused_current,1,128,3,57.31375333333333,38.657060666666666,36.133668666666665,21.180084666666666,63.0453714251018,2164.0
fused_current_B1_L4096,fused_current,1,4096,3,67.54505066666667,46.00370866666666,42.938994666666666,24.606056000000002,63.57089711660689,2164.0
fused_current_B4_L1024,fused_current,4,1024,3,69.67129266666667,42.119318,40.09452733333333,29.57676533333334,57.54813180395609,2164.0
fused_hadacore256_B1_L128,fused_hadacore256,1,128,3,60.648824,39.18463333333333,37.00108733333334,23.64773666666666,61.008746572453475,2164.0
fused_hadacore256_B1_L4096,fused_hadacore256,1,4096,3,70.648214,46.49957666666666,44.19291933333333,26.455294666666667,62.553484131011906,2164.0
fused_hadacore256_B4_L1024,fused_hadacore256,4,1024,3,61.761223333333334,41.014294,37.9947,23.766523333333332,61.518697249466186,2164.0
unfused_INT4_B1_L128,unfused_INT4,1,128,3,237.70315733333334,77.16208933333333,74.651004,163.05215333333334,31.405137751416657,10996.0
unfused_INT4_B1_L4096,unfused_INT4,1,4096,3,225.09079466666665,102.196342,95.21634933333333,129.8744453333333,42.30130755650745,10996.0
unfused_INT4_B4_L1024,unfused_INT4,4,1024,3,217.05155933333333,96.010994,89.948088,127.10347133333333,41.44088541739694,10995.666666666666
