workload,rank,category,kernel,calls_per_token,total_ms_per_token,average_us,min_us,max_us,lds_block_bytes,vgpr_count,sgpr_count,scratch_bytes,workgroup_size,grid_size
fused_current_B1_L128,1,rocBLAS_GEMM,Cijk_Alik_Bljk_HHS_BH_Bias_HA_S_SAV_UserArgs_MT128x128x32_MI16x16x1_SN_LDSB0_AFC1_AFEM1_AFEM1_ASEM1_CLR0_CADS0_DTLA0_DTLB0_DTVA0_DTVB1_EPS0_FDSI0_GRPM1_GRVWA4_GRVWB8_GSUAMB_GLS0_ISA1201_IU1_K1_LDSTI0_LBSPPA128_LBSPPB0_LBSPPM0_LPA16_LPB0_LPM,161.0,30.757824,191.04238509316772,72.09,1834.236,26624,256,128,0,128,128256
fused_current_B1_L128,2,rocBLAS_GEMM,Cijk_Alik_Bljk_HHS_BH_Bias_HA_S_SAV_UserArgs_MT16x16x32_MI16x16x1_SN_LDSB0_AFC1_AFEM1_AFEM1_ASEM1_CLR1_CADS0_DTLA0_DTLB0_DTVA0_DTVB0_EPS0_FDSI0_GRPM1_GRVWA8_GRVWB8_GSUAMB_GLS0_ISA1201_IU1_K1_LDSTI0_LBSPPA128_LBSPPB128_LBSPPM0_LPA16_LPB16_LP,64.0,1.8097673333333333,28.27761458333333,23.968,45.204,6656,128,128,0,32,2048
fused_current_B1_L128,3,PyTorch_elementwise_copy_reduce,"void at::native::elementwise_kernel_manual_unroll<128, 4, at::native::gpu_kernel_impl<at::native::direct_copy_kernel_cuda(at::TensorIteratorBase&)::{lambda()#3}::operator()() const::{lambda()#7}::operator()() const::{lambda(float)#1}>(at::T",129.0,0.53418,4.140930232558139,0.076,19.784,0,16,128,0,128,1792
fused_current_B1_L128,4,PyTorch_elementwise_copy_reduce,"void at::native::elementwise_kernel_manual_unroll<128, 4, at::native::gpu_kernel_impl<at::native::direct_copy_kernel_cuda(at::TensorIteratorBase&)::{lambda()#3}::operator()() const::{lambda()#5}::operator()() const::{lambda(short)#1}>(at::T",128.0,0.49645133333333336,3.8785260416666665,0.096,18.886,0,16,128,0,128,1792
fused_current_B1_L128,5,PyTorch_elementwise_copy_reduce,"void at::native::elementwise_kernel_manual_unroll<128, 4, at::native::gpu_kernel_impl_nocast<at::native::direct_copy_kernel_cuda(at::TensorIteratorBase&)::{lambda()#3}::operator()() const::{lambda()#7}::operator()() const::{lambda(float)#1}",128.0,0.48988800000000005,3.82725,2.402,15.89,0,24,128,0,128,1792
fused_current_B1_L128,6,PyTorch_elementwise_copy_reduce,"void at::native::elementwise_kernel_manual_unroll<128, 4, at::native::gpu_kernel_impl_nocast<at::native::BinaryFunctor<float, float, float, at::native::binary_internal::MulFunctor<float> > >(at::TensorIteratorBase&, at::native::BinaryFuncto",129.0,0.46204399999999995,3.581736434108527,1.148,17.752,0,24,128,0,128,3584
fused_current_B1_L128,7,PyTorch_elementwise_copy_reduce,"void at::native::elementwise_kernel_manual_unroll<128, 8, at::native::gpu_kernel_impl_nocast<at::native::BinaryFunctor<c10::Half, c10::Half, c10::Half, at::native::binary_internal::MulFunctor<float> > >(at::TensorIteratorBase&, at::native::",128.0,0.439436,3.43309375,0.514,15.946,0,48,128,0,128,512
fused_current_B1_L128,8,K2_INT4,"void flashinfer::BatchDecodeWithPagedKVGQAKernel<(flashinfer::RotaryMode)0, false, 16ul, 8ul, 16ul, 2ul, __half, flashinfer::quant::__precision__s4, __half, int>(__half*, flashinfer::paged_kv_t<flashinfer::quant::__precision__s4, int>, __ha",32.0,0.411024,12.8445,3.894,25.366,8704,80,128,0,128,4096
fused_current_B1_L128,9,PyTorch_elementwise_copy_reduce,"void at::native::vectorized_elementwise_kernel<16, at::native::AUnaryFunctor<unsigned char, unsigned char, unsigned char, at::native::BitwiseAndFunctor<unsigned char> >, std::array<char*, 2ul> >(int, at::native::AUnaryFunctor<unsigned char,",128.0,0.31943933333333335,2.4956197916666665,1.054,15.712,0,32,128,0,256,512
fused_current_B1_L128,10,PyTorch_elementwise_copy_reduce,"void at::native::(anonymous namespace)::CatArrayBatchedCopy<at::native::(anonymous namespace)::OpaqueType<2u>, unsigned int, 4, 64, 64>(at::native::(anonymous namespace)::OpaqueType<2u>*, at::native::(anonymous namespace)::CatArrInputTensor",64.0,0.3071986666666667,4.799979166666667,1.992,16.968,0,16,128,0,256,512
fused_current_B1_L128,11,PyTorch_elementwise_copy_reduce,"void at::native::vectorized_elementwise_kernel<4, at::native::float16_copy_kernel_cuda(at::TensorIteratorBase&)::{lambda(float)#1}, std::array<char*, 2ul> >(int, at::native::float16_copy_kernel_cuda(at::TensorIteratorBase&)::{lambda(float)#",131.0,0.279648,2.134717557251909,1.442,14.86,0,16,128,0,256,1792
fused_current_B1_L128,12,PyTorch_elementwise_copy_reduce,"void at::native::reduce_kernel<512, 1, at::native::ReduceOp<float, at::native::MeanOps<float, float, float, float>, unsigned int, float, 4, 4> >(at::native::ReduceOp<float, at::native::MeanOps<float, float, float, float>, unsigned int, floa",65.0,0.27765066666666666,4.271548717948718,0.36,15.54,512,32,128,0,512,512
fused_current_B1_L128,13,PyTorch_elementwise_copy_reduce,"void at::native::vectorized_elementwise_kernel<8, at::native::CUDAFunctorOnSelf_add<short>, std::array<char*, 2ul> >(int, at::native::CUDAFunctorOnSelf_add<short>, std::array<char*, 2ul>)",128.0,0.2756713333333333,2.1536822916666667,1.38,15.712,0,16,128,0,256,1024
fused_current_B1_L128,14,PyTorch_elementwise_copy_reduce,"void at::native::vectorized_elementwise_kernel<8, at::native::CUDAFunctor_add<c10::Half>, std::array<char*, 3ul> >(int, at::native::CUDAFunctor_add<c10::Half>, std::array<char*, 3ul>)",128.0,0.264818,2.068890625,0.014,14.956,0,24,128,0,256,512
fused_current_B1_L128,15,PyTorch_elementwise_copy_reduce,"void at::native::vectorized_elementwise_kernel<4, at::native::float16tofloat32_copy_kernel_cuda(at::TensorIteratorBase&)::{lambda(c10::Half)#1}, std::array<char*, 2ul> >(int, at::native::float16tofloat32_copy_kernel_cuda(at::TensorIteratorB",129.0,0.2507466666666667,1.9437726098191215,0.016,17.37,0,16,128,0,256,512
fused_current_B1_L128,16,PyTorch_elementwise_copy_reduce,"void at::native::elementwise_kernel_manual_unroll<128, 8, at::native::gpu_kernel_impl_nocast<at::native::neg_kernel_cuda(at::TensorIteratorBase&)::{lambda()#2}::operator()() const::{lambda()#8}::operator()() const::{lambda(c10::Half)#1}>(at",64.0,0.21743733333333334,3.3974583333333337,2.564,16.43,0,32,128,0,128,256
fused_current_B1_L128,17,PyTorch_elementwise_copy_reduce,"void at::native::vectorized_elementwise_kernel<16, at::native::BUnaryFunctor<unsigned char, unsigned char, unsigned char, at::native::rshift_kernel_cuda(at::TensorIteratorBase&)::{lambda()#1}::operator()() const::{lambda()#1}::operator()() ",64.0,0.17948666666666668,2.8044791666666664,1.752,15.68,0,32,128,0,256,512
fused_current_B1_L128,18,K1,"(anonymous namespace)::append_kv_had_quant_kernel(__half const*, __half const*, unsigned char*, __half2*, int const*, int const*, int const*, int, int, int, int, int, bool, float)",32.0,0.1703313333333333,5.322854166666667,3.92,17.29,1536,24,128,0,128,1024
fused_current_B1_L128,19,PyTorch_elementwise_copy_reduce,"void at::native::vectorized_elementwise_kernel<4, at::native::rsqrt_kernel_cuda(at::TensorIteratorBase&)::{lambda()#2}::operator()() const::{lambda()#2}::operator()() const::{lambda(float)#1}, std::array<char*, 2ul> >(int, at::native::rsqrt",65.0,0.14100666666666667,2.1693333333333333,1.73,13.17,0,32,128,0,256,256
fused_current_B1_L128,20,PyTorch_elementwise_copy_reduce,"void at::native::vectorized_elementwise_kernel<8, at::native::BinaryFunctor<c10::Half, c10::Half, c10::Half, at::native::binary_internal::MulFunctor<float> >, std::array<char*, 3ul> >(int, at::native::BinaryFunctor<c10::Half, c10::Half, c10",65.0,0.12676466666666666,1.9502256410256409,0.492,5.284,0,24,128,0,256,512
fused_current_B1_L4096,1,rocBLAS_GEMM,Cijk_Alik_Bljk_HHS_BH_Bias_HA_S_SAV_UserArgs_MT128x128x32_MI16x16x1_SN_LDSB0_AFC1_AFEM1_AFEM1_ASEM1_CLR0_CADS0_DTLA0_DTLB0_DTVA0_DTVB1_EPS0_FDSI0_GRPM1_GRVWA4_GRVWB8_GSUAMB_GLS0_ISA1201_IU1_K1_LDSTI0_LBSPPA128_LBSPPB0_LBSPPM0_LPA16_LPB0_LPM,161.0,30.882096,191.8142608695652,70.832,1908.44,26624,256,128,0,128,128256
fused_current_B1_L4096,2,K2_INT4,"void flashinfer::BatchDecodeWithPagedKVGQAKernel<(flashinfer::RotaryMode)0, false, 16ul, 8ul, 16ul, 2ul, __half, flashinfer::quant::__precision__s4, __half, int>(__half*, flashinfer::paged_kv_t<flashinfer::quant::__precision__s4, int>, __ha",32.0,8.001494666666668,250.04670833333336,247.858,257.936,8704,80,128,0,128,4096
fused_current_B1_L4096,3,rocBLAS_GEMM,Cijk_Alik_Bljk_HHS_BH_Bias_HA_S_SAV_UserArgs_MT16x16x32_MI16x16x1_SN_LDSB0_AFC1_AFEM1_AFEM1_ASEM1_CLR1_CADS0_DTLA0_DTLB0_DTVA0_DTVB0_EPS0_FDSI0_GRPM1_GRVWA8_GRVWB8_GSUAMB_GLS0_ISA1201_IU1_K1_LDSTI0_LBSPPA128_LBSPPB128_LBSPPM0_LPA16_LPB16_LP,64.0,1.8297619999999999,28.59003125,19.052,39.878,6656,128,128,0,32,2048
fused_current_B1_L4096,4,PyTorch_elementwise_copy_reduce,"void at::native::elementwise_kernel_manual_unroll<128, 8, at::native::gpu_kernel_impl_nocast<at::native::BinaryFunctor<c10::Half, c10::Half, c10::Half, at::native::binary_internal::MulFunctor<float> > >(at::TensorIteratorBase&, at::native::",128.0,0.4732686666666666,3.6974114583333333,0.024,18.628,0,48,128,0,128,512
fused_current_B1_L4096,5,PyTorch_elementwise_copy_reduce,"void at::native::elementwise_kernel_manual_unroll<128, 4, at::native::gpu_kernel_impl<at::native::direct_copy_kernel_cuda(at::TensorIteratorBase&)::{lambda()#3}::operator()() const::{lambda()#7}::operator()() const::{lambda(float)#1}>(at::T",129.0,0.46256533333333333,3.585777777777778,1.762,7.882,0,16,128,0,128,1792
fused_current_B1_L4096,6,PyTorch_elementwise_copy_reduce,"void at::native::elementwise_kernel_manual_unroll<128, 4, at::native::gpu_kernel_impl<at::native::direct_copy_kernel_cuda(at::TensorIteratorBase&)::{lambda()#3}::operator()() const::{lambda()#5}::operator()() const::{lambda(short)#1}>(at::T",128.0,0.4065433333333333,3.1761197916666664,0.15,10.274,0,16,128,0,128,1792
fused_current_B1_L4096,7,PyTorch_elementwise_copy_reduce,"void at::native::elementwise_kernel_manual_unroll<128, 4, at::native::gpu_kernel_impl_nocast<at::native::BinaryFunctor<float, float, float, at::native::binary_internal::MulFunctor<float> > >(at::TensorIteratorBase&, at::native::BinaryFuncto",129.0,0.393298,3.048821705426356,0.526,15.756,0,24,128,0,128,3584
fused_current_B1_L4096,8,PyTorch_elementwise_copy_reduce,"void at::native::elementwise_kernel_manual_unroll<128, 4, at::native::gpu_kernel_impl_nocast<at::native::direct_copy_kernel_cuda(at::TensorIteratorBase&)::{lambda()#3}::operator()() const::{lambda()#7}::operator()() const::{lambda(float)#1}",128.0,0.37747200000000003,2.949,0.608,15.816,0,24,128,0,128,1792
fused_current_B1_L4096,9,PyTorch_elementwise_copy_reduce,"void at::native::(anonymous namespace)::CatArrayBatchedCopy<at::native::(anonymous namespace)::OpaqueType<2u>, unsigned int, 4, 64, 64>(at::native::(anonymous namespace)::OpaqueType<2u>*, at::native::(anonymous namespace)::CatArrInputTensor",64.0,0.30309933333333333,4.735927083333333,2.934,17.634,0,16,128,0,256,512
fused_current_B1_L4096,10,PyTorch_elementwise_copy_reduce,"void at::native::vectorized_elementwise_kernel<8, at::native::CUDAFunctor_add<c10::Half>, std::array<char*, 3ul> >(int, at::native::CUDAFunctor_add<c10::Half>, std::array<char*, 3ul>)",128.0,0.29032933333333333,2.2681979166666664,1.184,17.732,0,24,128,0,256,512
fused_current_B1_L4096,11,PyTorch_elementwise_copy_reduce,"void at::native::reduce_kernel<512, 1, at::native::ReduceOp<float, at::native::MeanOps<float, float, float, float>, unsigned int, float, 4, 4> >(at::native::ReduceOp<float, at::native::MeanOps<float, float, float, float>, unsigned int, floa",65.0,0.277304,4.266215384615384,0.854,17.136,512,32,128,0,512,512
fused_current_B1_L4096,12,PyTorch_elementwise_copy_reduce,"void at::native::vectorized_elementwise_kernel<16, at::native::AUnaryFunctor<unsigned char, unsigned char, unsigned char, at::native::BitwiseAndFunctor<unsigned char> >, std::array<char*, 2ul> >(int, at::native::AUnaryFunctor<unsigned char,",128.0,0.27165,2.122265625,0.388,17.446,0,32,128,0,256,512
fused_current_B1_L4096,13,PyTorch_elementwise_copy_reduce,"void at::native::vectorized_elementwise_kernel<4, at::native::float16_copy_kernel_cuda(at::TensorIteratorBase&)::{lambda(float)#1}, std::array<char*, 2ul> >(int, at::native::float16_copy_kernel_cuda(at::TensorIteratorBase&)::{lambda(float)#",131.0,0.2570926666666667,1.9625394402035625,0.87,14.998,0,16,128,0,256,1792
fused_current_B1_L4096,14,PyTorch_elementwise_copy_reduce,"void at::native::vectorized_elementwise_kernel<4, at::native::float16tofloat32_copy_kernel_cuda(at::TensorIteratorBase&)::{lambda(c10::Half)#1}, std::array<char*, 2ul> >(int, at::native::float16tofloat32_copy_kernel_cuda(at::TensorIteratorB",129.0,0.24541666666666664,1.902454780361757,1.322,15.022,0,16,128,0,256,512
fused_current_B1_L4096,15,PyTorch_elementwise_copy_reduce,"void at::native::vectorized_elementwise_kernel<8, at::native::CUDAFunctorOnSelf_add<short>, std::array<char*, 2ul> >(int, at::native::CUDAFunctorOnSelf_add<short>, std::array<char*, 2ul>)",128.0,0.23879466666666668,1.8655833333333331,0.214,13.592,0,16,128,0,256,1024
fused_current_B1_L4096,16,PyTorch_elementwise_copy_reduce,"void at::native::elementwise_kernel_manual_unroll<128, 8, at::native::gpu_kernel_impl_nocast<at::native::neg_kernel_cuda(at::TensorIteratorBase&)::{lambda()#2}::operator()() const::{lambda()#8}::operator()() const::{lambda(c10::Half)#1}>(at",64.0,0.23659,3.69671875,2.576,16.034,0,32,128,0,128,256
fused_current_B1_L4096,17,K1,"(anonymous namespace)::append_kv_had_quant_kernel(__half const*, __half const*, unsigned char*, __half2*, int const*, int const*, int const*, int, int, int, int, int, bool, float)",32.0,0.16515333333333335,5.161041666666667,3.974,17.754,1536,24,128,0,128,1024
fused_current_B1_L4096,18,PyTorch_elementwise_copy_reduce,"void at::native::vectorized_elementwise_kernel<4, at::native::rsqrt_kernel_cuda(at::TensorIteratorBase&)::{lambda()#2}::operator()() const::{lambda()#2}::operator()() const::{lambda(float)#1}, std::array<char*, 2ul> >(int, at::native::rsqrt",65.0,0.14993666666666666,2.3067179487179486,1.632,14.892,0,32,128,0,256,256
fused_current_B1_L4096,19,PyTorch_elementwise_copy_reduce,"void at::native::vectorized_elementwise_kernel<4, at::native::CUDAFunctorOnSelf_add<float>, std::array<char*, 2ul> >(int, at::native::CUDAFunctorOnSelf_add<float>, std::array<char*, 2ul>)",65.0,0.14016133333333333,2.1563282051282053,0.076,17.742,0,16,128,0,256,256
fused_current_B1_L4096,20,PyTorch_elementwise_copy_reduce,"void at::native::vectorized_elementwise_kernel<8, at::native::BinaryFunctor<c10::Half, c10::Half, c10::Half, at::native::binary_internal::MulFunctor<float> >, std::array<char*, 3ul> >(int, at::native::BinaryFunctor<c10::Half, c10::Half, c10",65.0,0.13607466666666665,2.0934564102564104,0.152,16.068,0,24,128,0,256,512
fused_current_B4_L1024,1,rocBLAS_GEMM,Cijk_Alik_Bljk_HHS_BH_Bias_HA_S_SAV_UserArgs_MT128x128x32_MI16x16x1_SN_LDSB0_AFC1_AFEM1_AFEM1_ASEM1_CLR0_CADS0_DTLA0_DTLB0_DTVA0_DTVB1_EPS0_FDSI0_GRPM1_GRVWA4_GRVWB8_GSUAMB_GLS0_ISA1201_IU1_K1_LDSTI0_LBSPPA128_LBSPPB0_LBSPPM0_LPA16_LPB0_LPM,161.0,31.299148,194.40464596273293,72.232,1873.65,26624,256,128,0,128,128256
fused_current_B4_L1024,2,K2_INT4,"void flashinfer::BatchDecodeWithPagedKVGQAKernel<(flashinfer::RotaryMode)0, false, 16ul, 8ul, 16ul, 2ul, __half, flashinfer::quant::__precision__s4, __half, int>(__half*, flashinfer::paged_kv_t<flashinfer::quant::__precision__s4, int>, __ha",32.0,2.2789786666666667,71.21808333333333,68.676,85.332,8704,80,128,0,128,16384
fused_current_B4_L1024,3,rocBLAS_GEMM,Cijk_Alik_Bljk_HHS_BH_Bias_HA_S_SAV_UserArgs_MT16x16x32_MI16x16x1_SN_LDSB0_AFC1_AFEM1_AFEM1_ASEM1_CLR1_CADS0_DTLA0_DTLB0_DTVA0_DTVB0_EPS0_FDSI0_GRPM1_GRVWA8_GRVWB8_GSUAMB_GLS0_ISA1201_IU1_K1_LDSTI0_LBSPPA128_LBSPPB128_LBSPPM0_LPA16_LPB16_LP,64.0,1.9995093333333334,31.24233333333333,21.854,43.42,6656,128,128,0,32,2048
fused_current_B4_L1024,4,PyTorch_elementwise_copy_reduce,"void at::native::elementwise_kernel_manual_unroll<128, 8, at::native::gpu_kernel_impl_nocast<at::native::BinaryFunctor<c10::Half, c10::Half, c10::Half, at::native::binary_internal::MulFunctor<float> > >(at::TensorIteratorBase&, at::native::",193.0,0.9277706666666666,4.8071018998272885,0.588,16.522,0,48,128,0,128,2048
fused_current_B4_L1024,5,PyTorch_elementwise_copy_reduce,"void at::native::(anonymous namespace)::CatArrayBatchedCopy<at::native::(anonymous namespace)::OpaqueType<2u>, unsigned int, 4, 64, 64>(at::native::(anonymous namespace)::OpaqueType<2u>*, at::native::(anonymous namespace)::CatArrInputTensor",64.0,0.7183826666666667,11.224729166666666,3.856,18.938,0,16,128,0,256,2048
fused_current_B4_L1024,6,PyTorch_elementwise_copy_reduce,"void at::native::elementwise_kernel_manual_unroll<128, 4, at::native::gpu_kernel_impl_nocast<at::native::direct_copy_kernel_cuda(at::TensorIteratorBase&)::{lambda()#3}::operator()() const::{lambda()#7}::operator()() const::{lambda(float)#1}",128.0,0.5212066666666667,4.071927083333334,0.108,16.522,0,24,128,0,128,7168
fused_current_B4_L1024,7,PyTorch_elementwise_copy_reduce,"void at::native::elementwise_kernel_manual_unroll<128, 4, at::native::gpu_kernel_impl<at::native::direct_copy_kernel_cuda(at::TensorIteratorBase&)::{lambda()#3}::operator()() const::{lambda()#7}::operator()() const::{lambda(float)#1}>(at::T",129.0,0.46331000000000006,3.5915503875968993,2.162,8.99,0,16,128,0,128,7168
fused_current_B4_L1024,8,PyTorch_elementwise_copy_reduce,"void at::native::vectorized_elementwise_kernel<4, at::native::float16_copy_kernel_cuda(at::TensorIteratorBase&)::{lambda(float)#1}, std::array<char*, 2ul> >(int, at::native::float16_copy_kernel_cuda(at::TensorIteratorBase&)::{lambda(float)#",131.0,0.4429813333333333,3.3815368956743006,0.086,15.432,0,16,128,0,256,7168
fused_current_B4_L1024,9,PyTorch_elementwise_copy_reduce,"void at::native::elementwise_kernel_manual_unroll<128, 4, at::native::gpu_kernel_impl_nocast<at::native::BinaryFunctor<float, float, float, at::native::binary_internal::MulFunctor<float> > >(at::TensorIteratorBase&, at::native::BinaryFuncto",129.0,0.42198,3.271162790697675,2.718,15.828,0,24,128,0,128,14336
fused_current_B4_L1024,10,PyTorch_elementwise_copy_reduce,"void at::native::elementwise_kernel_manual_unroll<128, 4, at::native::gpu_kernel_impl<at::native::direct_copy_kernel_cuda(at::TensorIteratorBase&)::{lambda()#3}::operator()() const::{lambda()#5}::operator()() const::{lambda(short)#1}>(at::T",128.0,0.413572,3.23103125,0.528,15.786,0,16,128,0,128,7168
fused_current_B4_L1024,11,PyTorch_elementwise_copy_reduce,"void at::native::reduce_kernel<512, 1, at::native::ReduceOp<float, at::native::MeanOps<float, float, float, float>, unsigned int, float, 4, 4> >(at::native::ReduceOp<float, at::native::MeanOps<float, float, float, float>, unsigned int, floa",65.0,0.367448,5.653046153846154,0.844,17.926,512,32,128,0,512,512
fused_current_B4_L1024,12,PyTorch_elementwise_copy_reduce,"void at::native::vectorized_elementwise_kernel<8, at::native::CUDAFunctor_add<c10::Half>, std::array<char*, 3ul> >(int, at::native::CUDAFunctor_add<c10::Half>, std::array<char*, 3ul>)",128.0,0.3173266666666667,2.4791145833333337,0.434,15.088,0,24,128,0,256,2048
fused_current_B4_L1024,13,PyTorch_elementwise_copy_reduce,"void at::native::vectorized_elementwise_kernel<8, at::native::CUDAFunctorOnSelf_add<short>, std::array<char*, 2ul> >(int, at::native::CUDAFunctorOnSelf_add<short>, std::array<char*, 2ul>)",128.0,0.2686013333333333,2.0984479166666663,0.508,18.386,0,16,128,0,256,3584
fused_current_B4_L1024,14,PyTorch_elementwise_copy_reduce,"void at::native::vectorized_elementwise_kernel<4, at::native::float16tofloat32_copy_kernel_cuda(at::TensorIteratorBase&)::{lambda(c10::Half)#1}, std::array<char*, 2ul> >(int, at::native::float16tofloat32_copy_kernel_cuda(at::TensorIteratorB",129.0,0.2552413333333333,1.9786149870801035,0.202,14.892,0,16,128,0,256,2048
fused_current_B4_L1024,15,PyTorch_elementwise_copy_reduce,"void at::native::vectorized_elementwise_kernel<16, at::native::AUnaryFunctor<unsigned char, unsigned char, unsigned char, at::native::BitwiseAndFunctor<unsigned char> >, std::array<char*, 2ul> >(int, at::native::AUnaryFunctor<unsigned char,",128.0,0.24224133333333334,1.8925104166666666,0.184,15.0,0,32,128,0,256,1792
fused_current_B4_L1024,16,PyTorch_elementwise_copy_reduce,"void at::native::elementwise_kernel_manual_unroll<128, 8, at::native::gpu_kernel_impl_nocast<at::native::neg_kernel_cuda(at::TensorIteratorBase&)::{lambda()#2}::operator()() const::{lambda()#8}::operator()() const::{lambda(c10::Half)#1}>(at",64.0,0.22393,3.49890625,2.826,16.608,0,32,128,0,128,1024
fused_current_B4_L1024,17,K1,"(anonymous namespace)::append_kv_had_quant_kernel(__half const*, __half const*, unsigned char*, __half2*, int const*, int const*, int const*, int, int, int, int, int, bool, float)",32.0,0.173172,5.411625,4.036,17.178,1536,24,128,0,128,4096
fused_current_B4_L1024,18,PyTorch_elementwise_copy_reduce,"void at::native::vectorized_elementwise_kernel<4, at::native::rsqrt_kernel_cuda(at::TensorIteratorBase&)::{lambda()#2}::operator()() const::{lambda()#2}::operator()() const::{lambda(float)#1}, std::array<char*, 2ul> >(int, at::native::rsqrt",65.0,0.157876,2.428861538461539,1.142,15.098,0,32,128,0,256,256
fused_current_B4_L1024,19,PyTorch_elementwise_copy_reduce,"void at::native::vectorized_elementwise_kernel<4, at::native::CUDAFunctorOnSelf_add<float>, std::array<char*, 2ul> >(int, at::native::CUDAFunctorOnSelf_add<float>, std::array<char*, 2ul>)",65.0,0.14485800000000001,2.2285846153846154,0.984,15.24,0,16,128,0,256,256
fused_current_B4_L1024,20,PyTorch_elementwise_copy_reduce,"void at::native::vectorized_elementwise_kernel<4, at::native::(anonymous namespace)::pow_tensor_scalar_kernel_impl<float, float>(at::TensorIteratorBase&, float)::{lambda(float)#1}, std::array<char*, 2ul> >(int, at::native::(anonymous namesp",65.0,0.126826,1.9511692307692308,1.096,14.94,0,16,128,0,256,4096
fused_hadacore256_B1_L128,1,rocBLAS_GEMM,Cijk_Alik_Bljk_HHS_BH_Bias_HA_S_SAV_UserArgs_MT128x128x32_MI16x16x1_SN_LDSB0_AFC1_AFEM1_AFEM1_ASEM1_CLR0_CADS0_DTLA0_DTLB0_DTVA0_DTVB1_EPS0_FDSI0_GRPM1_GRVWA4_GRVWB8_GSUAMB_GLS0_ISA1201_IU1_K1_LDSTI0_LBSPPA128_LBSPPB0_LBSPPM0_LPA16_LPB0_LPM,161.0,30.746319333333332,190.97092753623187,71.766,1874.688,26624,256,128,0,128,128256
fused_hadacore256_B1_L128,2,rocBLAS_GEMM,Cijk_Alik_Bljk_HHS_BH_Bias_HA_S_SAV_UserArgs_MT16x16x32_MI16x16x1_SN_LDSB0_AFC1_AFEM1_AFEM1_ASEM1_CLR1_CADS0_DTLA0_DTLB0_DTVA0_DTVB0_EPS0_FDSI0_GRPM1_GRVWA8_GRVWB8_GSUAMB_GLS0_ISA1201_IU1_K1_LDSTI0_LBSPPA128_LBSPPB128_LBSPPM0_LPA16_LPB16_LP,64.0,1.8186246666666666,28.41601041666667,21.6,38.846,6656,128,128,0,32,2048
fused_hadacore256_B1_L128,3,PyTorch_elementwise_copy_reduce,"void at::native::elementwise_kernel_manual_unroll<128, 4, at::native::gpu_kernel_impl_nocast<at::native::direct_copy_kernel_cuda(at::TensorIteratorBase&)::{lambda()#3}::operator()() const::{lambda()#7}::operator()() const::{lambda(float)#1}",128.0,0.5696173333333333,4.450135416666667,0.122,15.568,0,24,128,0,128,1792
fused_hadacore256_B1_L128,4,PyTorch_elementwise_copy_reduce,"void at::native::elementwise_kernel_manual_unroll<128, 4, at::native::gpu_kernel_impl<at::native::direct_copy_kernel_cuda(at::TensorIteratorBase&)::{lambda()#3}::operator()() const::{lambda()#7}::operator()() const::{lambda(float)#1}>(at::T",129.0,0.5490213333333334,4.255979328165375,0.166,16.634,0,16,128,0,128,1792
fused_hadacore256_B1_L128,5,PyTorch_elementwise_copy_reduce,"void at::native::elementwise_kernel_manual_unroll<128, 4, at::native::gpu_kernel_impl_nocast<at::native::BinaryFunctor<float, float, float, at::native::binary_internal::MulFunctor<float> > >(at::TensorIteratorBase&, at::native::BinaryFuncto",129.0,0.5280586666666667,4.093478036175711,0.014,21.652,0,24,128,0,128,3584
fused_hadacore256_B1_L128,6,PyTorch_elementwise_copy_reduce,"void at::native::elementwise_kernel_manual_unroll<128, 4, at::native::gpu_kernel_impl<at::native::direct_copy_kernel_cuda(at::TensorIteratorBase&)::{lambda()#3}::operator()() const::{lambda()#5}::operator()() const::{lambda(short)#1}>(at::T",128.0,0.525292,4.10384375,0.254,17.402,0,16,128,0,128,1792
fused_hadacore256_B1_L128,7,K2_INT4,"void flashinfer::BatchDecodeWithPagedKVGQAKernel<(flashinfer::RotaryMode)0, false, 16ul, 8ul, 16ul, 2ul, __half, flashinfer::quant::__precision__s4, __half, int>(__half*, flashinfer::paged_kv_t<flashinfer::quant::__precision__s4, int>, __ha",32.0,0.47591466666666665,14.872333333333334,8.978,82.052,8704,80,128,0,128,4096
fused_hadacore256_B1_L128,8,PyTorch_elementwise_copy_reduce,"void at::native::elementwise_kernel_manual_unroll<128, 8, at::native::gpu_kernel_impl_nocast<at::native::BinaryFunctor<c10::Half, c10::Half, c10::Half, at::native::binary_internal::MulFunctor<float> > >(at::TensorIteratorBase&, at::native::",128.0,0.46323000000000003,3.618984375,0.794,16.346,0,48,128,0,128,512
fused_hadacore256_B1_L128,9,PyTorch_elementwise_copy_reduce,"void at::native::(anonymous namespace)::CatArrayBatchedCopy<at::native::(anonymous namespace)::OpaqueType<2u>, unsigned int, 4, 64, 64>(at::native::(anonymous namespace)::OpaqueType<2u>*, at::native::(anonymous namespace)::CatArrInputTensor",64.0,0.336682,5.26065625,2.976,17.976,0,16,128,0,256,512
fused_hadacore256_B1_L128,10,PyTorch_elementwise_copy_reduce,"void at::native::vectorized_elementwise_kernel<8, at::native::CUDAFunctorOnSelf_add<short>, std::array<char*, 2ul> >(int, at::native::CUDAFunctorOnSelf_add<short>, std::array<char*, 2ul>)",128.0,0.32613533333333333,2.5479322916666667,1.136,18.676,0,16,128,0,256,1024
fused_hadacore256_B1_L128,11,PyTorch_elementwise_copy_reduce,"void at::native::vectorized_elementwise_kernel<16, at::native::AUnaryFunctor<unsigned char, unsigned char, unsigned char, at::native::BitwiseAndFunctor<unsigned char> >, std::array<char*, 2ul> >(int, at::native::AUnaryFunctor<unsigned char,",128.0,0.312016,2.437625,0.57,15.1,0,32,128,0,256,512
fused_hadacore256_B1_L128,12,PyTorch_elementwise_copy_reduce,"void at::native::vectorized_elementwise_kernel<4, at::native::float16tofloat32_copy_kernel_cuda(at::TensorIteratorBase&)::{lambda(c10::Half)#1}, std::array<char*, 2ul> >(int, at::native::float16tofloat32_copy_kernel_cuda(at::TensorIteratorB",129.0,0.29572733333333334,2.2924599483204133,1.266,14.99,0,16,128,0,256,512
fused_hadacore256_B1_L128,13,PyTorch_elementwise_copy_reduce,"void at::native::reduce_kernel<512, 1, at::native::ReduceOp<float, at::native::MeanOps<float, float, float, float>, unsigned int, float, 4, 4> >(at::native::ReduceOp<float, at::native::MeanOps<float, float, float, float>, unsigned int, floa",65.0,0.2905473333333333,4.469958974358974,0.572,16.94,512,32,128,0,512,512
fused_hadacore256_B1_L128,14,PyTorch_elementwise_copy_reduce,"void at::native::vectorized_elementwise_kernel<8, at::native::CUDAFunctor_add<c10::Half>, std::array<char*, 3ul> >(int, at::native::CUDAFunctor_add<c10::Half>, std::array<char*, 3ul>)",128.0,0.28258266666666665,2.2076770833333335,0.4,23.988,0,24,128,0,256,512
fused_hadacore256_B1_L128,15,PyTorch_elementwise_copy_reduce,"void at::native::vectorized_elementwise_kernel<4, at::native::float16_copy_kernel_cuda(at::TensorIteratorBase&)::{lambda(float)#1}, std::array<char*, 2ul> >(int, at::native::float16_copy_kernel_cuda(at::TensorIteratorBase&)::{lambda(float)#",131.0,0.257212,1.9634503816793893,1.478,14.412,0,16,128,0,256,1792
fused_hadacore256_B1_L128,16,PyTorch_elementwise_copy_reduce,"void at::native::elementwise_kernel_manual_unroll<128, 8, at::native::gpu_kernel_impl_nocast<at::native::neg_kernel_cuda(at::TensorIteratorBase&)::{lambda()#2}::operator()() const::{lambda()#8}::operator()() const::{lambda(c10::Half)#1}>(at",64.0,0.23358466666666666,3.6497604166666666,2.768,16.35,0,32,128,0,128,256
fused_hadacore256_B1_L128,17,PyTorch_elementwise_copy_reduce,"void at::native::vectorized_elementwise_kernel<16, at::native::BUnaryFunctor<unsigned char, unsigned char, unsigned char, at::native::rshift_kernel_cuda(at::TensorIteratorBase&)::{lambda()#1}::operator()() const::{lambda()#1}::operator()() ",64.0,0.213058,3.32903125,1.732,15.538,0,32,128,0,256,512
fused_hadacore256_B1_L128,18,K1,"(anonymous namespace)::append_kv_had_quant_kernel(__half const*, __half const*, unsigned char*, __half2*, int const*, int const*, int const*, int, int, int, int, int, bool, float)",32.0,0.20457866666666666,6.393083333333333,3.928,16.958,1536,24,128,0,128,1024
fused_hadacore256_B1_L128,19,PyTorch_elementwise_copy_reduce,"void at::native::vectorized_elementwise_kernel<4, at::native::CUDAFunctorOnSelf_add<float>, std::array<char*, 2ul> >(int, at::native::CUDAFunctorOnSelf_add<float>, std::array<char*, 2ul>)",65.0,0.13798533333333332,2.122851282051282,1.172,14.852,0,16,128,0,256,256
fused_hadacore256_B1_L128,20,PyTorch_elementwise_copy_reduce,"void at::native::vectorized_elementwise_kernel<4, at::native::rsqrt_kernel_cuda(at::TensorIteratorBase&)::{lambda()#2}::operator()() const::{lambda()#2}::operator()() const::{lambda(float)#1}, std::array<char*, 2ul> >(int, at::native::rsqrt",65.0,0.135238,2.0805846153846157,1.528,3.494,0,32,128,0,256,256
fused_hadacore256_B1_L4096,1,rocBLAS_GEMM,Cijk_Alik_Bljk_HHS_BH_Bias_HA_S_SAV_UserArgs_MT128x128x32_MI16x16x1_SN_LDSB0_AFC1_AFEM1_AFEM1_ASEM1_CLR0_CADS0_DTLA0_DTLB0_DTVA0_DTVB1_EPS0_FDSI0_GRPM1_GRVWA4_GRVWB8_GSUAMB_GLS0_ISA1201_IU1_K1_LDSTI0_LBSPPA128_LBSPPB0_LBSPPM0_LPA16_LPB0_LPM,161.0,31.026668666666666,192.71222774327123,71.356,1866.892,26624,256,128,0,128,128256
fused_hadacore256_B1_L4096,2,K2_INT4,"void flashinfer::BatchDecodeWithPagedKVGQAKernel<(flashinfer::RotaryMode)0, false, 16ul, 8ul, 16ul, 2ul, __half, flashinfer::quant::__precision__s4, __half, int>(__half*, flashinfer::paged_kv_t<flashinfer::quant::__precision__s4, int>, __ha",32.0,8.042092,251.315375,247.768,277.806,8704,80,128,0,128,4096
fused_hadacore256_B1_L4096,3,rocBLAS_GEMM,Cijk_Alik_Bljk_HHS_BH_Bias_HA_S_SAV_UserArgs_MT16x16x32_MI16x16x1_SN_LDSB0_AFC1_AFEM1_AFEM1_ASEM1_CLR1_CADS0_DTLA0_DTLB0_DTVA0_DTVB0_EPS0_FDSI0_GRPM1_GRVWA8_GRVWB8_GSUAMB_GLS0_ISA1201_IU1_K1_LDSTI0_LBSPPA128_LBSPPB128_LBSPPM0_LPA16_LPB16_LP,64.0,1.8549833333333332,28.984114583333334,25.584,41.172,6656,128,128,0,32,2048
fused_hadacore256_B1_L4096,4,PyTorch_elementwise_copy_reduce,"void at::native::elementwise_kernel_manual_unroll<128, 4, at::native::gpu_kernel_impl<at::native::direct_copy_kernel_cuda(at::TensorIteratorBase&)::{lambda()#3}::operator()() const::{lambda()#7}::operator()() const::{lambda(float)#1}>(at::T",129.0,0.46103999999999995,3.573953488372093,0.904,4.714,0,16,128,0,128,1792
fused_hadacore256_B1_L4096,5,PyTorch_elementwise_copy_reduce,"void at::native::elementwise_kernel_manual_unroll<128, 8, at::native::gpu_kernel_impl_nocast<at::native::BinaryFunctor<c10::Half, c10::Half, c10::Half, at::native::binary_internal::MulFunctor<float> > >(at::TensorIteratorBase&, at::native::",128.0,0.45492333333333335,3.5540885416666663,0.236,18.802,0,48,128,0,128,512
fused_hadacore256_B1_L4096,6,PyTorch_elementwise_copy_reduce,"void at::native::elementwise_kernel_manual_unroll<128, 4, at::native::gpu_kernel_impl_nocast<at::native::BinaryFunctor<float, float, float, at::native::binary_internal::MulFunctor<float> > >(at::TensorIteratorBase&, at::native::BinaryFuncto",129.0,0.4393073333333333,3.405483204134367,0.288,18.566,0,24,128,0,128,3584
fused_hadacore256_B1_L4096,7,PyTorch_elementwise_copy_reduce,"void at::native::elementwise_kernel_manual_unroll<128, 4, at::native::gpu_kernel_impl<at::native::direct_copy_kernel_cuda(at::TensorIteratorBase&)::{lambda()#3}::operator()() const::{lambda()#5}::operator()() const::{lambda(short)#1}>(at::T",128.0,0.40849266666666667,3.1913489583333337,2.38,19.186,0,16,128,0,128,1792
fused_hadacore256_B1_L4096,8,PyTorch_elementwise_copy_reduce,"void at::native::elementwise_kernel_manual_unroll<128, 4, at::native::gpu_kernel_impl_nocast<at::native::direct_copy_kernel_cuda(at::TensorIteratorBase&)::{lambda()#3}::operator()() const::{lambda()#7}::operator()() const::{lambda(float)#1}",128.0,0.3645906666666667,2.8483645833333333,1.856,14.536,0,24,128,0,128,1792
fused_hadacore256_B1_L4096,9,K1,"(anonymous namespace)::append_kv_had_quant_kernel(__half const*, __half const*, unsigned char*, __half2*, int const*, int const*, int const*, int, int, int, int, int, bool, float)",32.0,0.34925999999999996,10.914375,4.032,30.52,1536,24,128,0,128,1024
fused_hadacore256_B1_L4096,10,PyTorch_elementwise_copy_reduce,"void at::native::(anonymous namespace)::CatArrayBatchedCopy<at::native::(anonymous namespace)::OpaqueType<2u>, unsigned int, 4, 64, 64>(at::native::(anonymous namespace)::OpaqueType<2u>*, at::native::(anonymous namespace)::CatArrInputTensor",64.0,0.3227,5.0421875,0.192,18.95,0,16,128,0,256,512
fused_hadacore256_B1_L4096,11,PyTorch_elementwise_copy_reduce,"void at::native::reduce_kernel<512, 1, at::native::ReduceOp<float, at::native::MeanOps<float, float, float, float>, unsigned int, float, 4, 4> >(at::native::ReduceOp<float, at::native::MeanOps<float, float, float, float>, unsigned int, floa",65.0,0.301252,4.634646153846154,3.776,17.662,512,32,128,0,512,512
fused_hadacore256_B1_L4096,12,PyTorch_elementwise_copy_reduce,"void at::native::vectorized_elementwise_kernel<8, at::native::CUDAFunctor_add<c10::Half>, std::array<char*, 3ul> >(int, at::native::CUDAFunctor_add<c10::Half>, std::array<char*, 3ul>)",128.0,0.2739293333333333,2.1400729166666665,0.15,17.35,0,24,128,0,256,512
fused_hadacore256_B1_L4096,13,PyTorch_elementwise_copy_reduce,"void at::native::vectorized_elementwise_kernel<4, at::native::float16_copy_kernel_cuda(at::TensorIteratorBase&)::{lambda(float)#1}, std::array<char*, 2ul> >(int, at::native::float16_copy_kernel_cuda(at::TensorIteratorBase&)::{lambda(float)#",131.0,0.26431466666666664,2.017669211195929,0.384,14.664,0,16,128,0,256,1792
fused_hadacore256_B1_L4096,14,PyTorch_elementwise_copy_reduce,"void at::native::vectorized_elementwise_kernel<16, at::native::AUnaryFunctor<unsigned char, unsigned char, unsigned char, at::native::BitwiseAndFunctor<unsigned char> >, std::array<char*, 2ul> >(int, at::native::AUnaryFunctor<unsigned char,",128.0,0.263998,2.062484375,1.328,13.6,0,32,128,0,256,512
fused_hadacore256_B1_L4096,15,PyTorch_elementwise_copy_reduce,"void at::native::vectorized_elementwise_kernel<8, at::native::CUDAFunctorOnSelf_add<short>, std::array<char*, 2ul> >(int, at::native::CUDAFunctorOnSelf_add<short>, std::array<char*, 2ul>)",128.0,0.248314,1.939953125,1.264,15.54,0,16,128,0,256,1024
fused_hadacore256_B1_L4096,16,PyTorch_elementwise_copy_reduce,"void at::native::vectorized_elementwise_kernel<4, at::native::float16tofloat32_copy_kernel_cuda(at::TensorIteratorBase&)::{lambda(c10::Half)#1}, std::array<char*, 2ul> >(int, at::native::float16tofloat32_copy_kernel_cuda(at::TensorIteratorB",129.0,0.248,1.9224806201550386,0.182,17.364,0,16,128,0,256,512
fused_hadacore256_B1_L4096,17,PyTorch_elementwise_copy_reduce,"void at::native::elementwise_kernel_manual_unroll<128, 8, at::native::gpu_kernel_impl_nocast<at::native::neg_kernel_cuda(at::TensorIteratorBase&)::{lambda()#2}::operator()() const::{lambda()#8}::operator()() const::{lambda(c10::Half)#1}>(at",64.0,0.23462133333333335,3.6659583333333337,2.516,16.27,0,32,128,0,128,256
fused_hadacore256_B1_L4096,18,PyTorch_elementwise_copy_reduce,"void at::native::vectorized_elementwise_kernel<4, at::native::rsqrt_kernel_cuda(at::TensorIteratorBase&)::{lambda()#2}::operator()() const::{lambda()#2}::operator()() const::{lambda(float)#1}, std::array<char*, 2ul> >(int, at::native::rsqrt",65.0,0.19913533333333333,3.063620512820513,1.48,17.826,0,32,128,0,256,256
fused_hadacore256_B1_L4096,19,PyTorch_elementwise_copy_reduce,"void at::native::vectorized_elementwise_kernel<16, at::native::BUnaryFunctor<unsigned char, unsigned char, unsigned char, at::native::rshift_kernel_cuda(at::TensorIteratorBase&)::{lambda()#1}::operator()() const::{lambda()#1}::operator()() ",64.0,0.131526,2.05509375,0.592,5.324,0,32,128,0,256,512
fused_hadacore256_B1_L4096,20,PyTorch_elementwise_copy_reduce,"void at::native::vectorized_elementwise_kernel<4, at::native::CUDAFunctorOnSelf_add<float>, std::array<char*, 2ul> >(int, at::native::CUDAFunctorOnSelf_add<float>, std::array<char*, 2ul>)",65.0,0.12689799999999998,1.9522769230769232,1.426,5.744,0,16,128,0,256,256
fused_hadacore256_B4_L1024,1,rocBLAS_GEMM,Cijk_Alik_Bljk_HHS_BH_Bias_HA_S_SAV_UserArgs_MT128x128x32_MI16x16x1_SN_LDSB0_AFC1_AFEM1_AFEM1_ASEM1_CLR0_CADS0_DTLA0_DTLB0_DTVA0_DTVB1_EPS0_FDSI0_GRPM1_GRVWA4_GRVWB8_GSUAMB_GLS0_ISA1201_IU1_K1_LDSTI0_LBSPPA128_LBSPPB0_LBSPPM0_LPA16_LPB0_LPM,161.0,31.188676,193.71848447204968,71.728,1860.884,26624,256,128,0,128,128256
fused_hadacore256_B4_L1024,2,K2_INT4,"void flashinfer::BatchDecodeWithPagedKVGQAKernel<(flashinfer::RotaryMode)0, false, 16ul, 8ul, 16ul, 2ul, __half, flashinfer::quant::__precision__s4, __half, int>(__half*, flashinfer::paged_kv_t<flashinfer::quant::__precision__s4, int>, __ha",32.0,2.270578,70.9555625,69.8,76.112,8704,80,128,0,128,16384
fused_hadacore256_B4_L1024,3,rocBLAS_GEMM,Cijk_Alik_Bljk_HHS_BH_Bias_HA_S_SAV_UserArgs_MT16x16x32_MI16x16x1_SN_LDSB0_AFC1_AFEM1_AFEM1_ASEM1_CLR1_CADS0_DTLA0_DTLB0_DTVA0_DTVB0_EPS0_FDSI0_GRPM1_GRVWA8_GRVWB8_GSUAMB_GLS0_ISA1201_IU1_K1_LDSTI0_LBSPPA128_LBSPPB128_LBSPPM0_LPA16_LPB16_LP,64.0,1.8294786666666667,28.585604166666666,18.678,38.164,6656,128,128,0,32,2048
fused_hadacore256_B4_L1024,4,PyTorch_elementwise_copy_reduce,"void at::native::elementwise_kernel_manual_unroll<128, 8, at::native::gpu_kernel_impl_nocast<at::native::BinaryFunctor<c10::Half, c10::Half, c10::Half, at::native::binary_internal::MulFunctor<float> > >(at::TensorIteratorBase&, at::native::",193.0,0.6699066666666668,3.4710189982728843,2.016,19.076,0,48,128,0,128,2048
fused_hadacore256_B4_L1024,5,PyTorch_elementwise_copy_reduce,"void at::native::elementwise_kernel_manual_unroll<128, 4, at::native::gpu_kernel_impl<at::native::direct_copy_kernel_cuda(at::TensorIteratorBase&)::{lambda()#3}::operator()() const::{lambda()#7}::operator()() const::{lambda(float)#1}>(at::T",129.0,0.48916266666666663,3.7919586563307495,0.664,65.712,0,16,128,0,128,7168
fused_hadacore256_B4_L1024,6,PyTorch_elementwise_copy_reduce,"void at::native::elementwise_kernel_manual_unroll<128, 4, at::native::gpu_kernel_impl_nocast<at::native::direct_copy_kernel_cuda(at::TensorIteratorBase&)::{lambda()#3}::operator()() const::{lambda()#7}::operator()() const::{lambda(float)#1}",128.0,0.4767413333333333,3.7245416666666666,0.078,18.716,0,24,128,0,128,7168
fused_hadacore256_B4_L1024,7,PyTorch_elementwise_copy_reduce,"void at::native::elementwise_kernel_manual_unroll<128, 4, at::native::gpu_kernel_impl_nocast<at::native::BinaryFunctor<float, float, float, at::native::binary_internal::MulFunctor<float> > >(at::TensorIteratorBase&, at::native::BinaryFuncto",129.0,0.4438693333333333,3.440847545219638,0.534,16.276,0,24,128,0,128,14336
fused_hadacore256_B4_L1024,8,PyTorch_elementwise_copy_reduce,"void at::native::elementwise_kernel_manual_unroll<128, 4, at::native::gpu_kernel_impl<at::native::direct_copy_kernel_cuda(at::TensorIteratorBase&)::{lambda()#3}::operator()() const::{lambda()#5}::operator()() const::{lambda(short)#1}>(at::T",128.0,0.41729333333333335,3.2601041666666664,0.62,15.86,0,16,128,0,128,7168
fused_hadacore256_B4_L1024,9,PyTorch_elementwise_copy_reduce,"void at::native::(anonymous namespace)::CatArrayBatchedCopy<at::native::(anonymous namespace)::OpaqueType<2u>, unsigned int, 4, 64, 64>(at::native::(anonymous namespace)::OpaqueType<2u>*, at::native::(anonymous namespace)::CatArrInputTensor",64.0,0.3655793333333333,5.712177083333333,4.38,18.764,0,16,128,0,256,2048
fused_hadacore256_B4_L1024,10,PyTorch_elementwise_copy_reduce,"void at::native::reduce_kernel<512, 1, at::native::ReduceOp<float, at::native::MeanOps<float, float, float, float>, unsigned int, float, 4, 4> >(at::native::ReduceOp<float, at::native::MeanOps<float, float, float, float>, unsigned int, floa",65.0,0.3648993333333333,5.613835897435897,2.07,14.7,512,32,128,0,512,512
fused_hadacore256_B4_L1024,11,PyTorch_elementwise_copy_reduce,"void at::native::vectorized_elementwise_kernel<4, at::native::float16_copy_kernel_cuda(at::TensorIteratorBase&)::{lambda(float)#1}, std::array<char*, 2ul> >(int, at::native::float16_copy_kernel_cuda(at::TensorIteratorBase&)::{lambda(float)#",131.0,0.289846,2.2125648854961835,0.894,15.196,0,16,128,0,256,7168
fused_hadacore256_B4_L1024,12,PyTorch_elementwise_copy_reduce,"void at::native::vectorized_elementwise_kernel<8, at::native::CUDAFunctor_add<c10::Half>, std::array<char*, 3ul> >(int, at::native::CUDAFunctor_add<c10::Half>, std::array<char*, 3ul>)",128.0,0.27955,2.183984375,0.988,17.254,0,24,128,0,256,2048
fused_hadacore256_B4_L1024,13,PyTorch_elementwise_copy_reduce,"void at::native::vectorized_elementwise_kernel<4, at::native::float16tofloat32_copy_kernel_cuda(at::TensorIteratorBase&)::{lambda(c10::Half)#1}, std::array<char*, 2ul> >(int, at::native::float16tofloat32_copy_kernel_cuda(at::TensorIteratorB",129.0,0.251794,1.951891472868217,1.452,15.742,0,16,128,0,256,2048
fused_hadacore256_B4_L1024,14,PyTorch_elementwise_copy_reduce,"void at::native::vectorized_elementwise_kernel<16, at::native::AUnaryFunctor<unsigned char, unsigned char, unsigned char, at::native::BitwiseAndFunctor<unsigned char> >, std::array<char*, 2ul> >(int, at::native::AUnaryFunctor<unsigned char,",128.0,0.24455400000000002,1.910578125,1.056,17.348,0,32,128,0,256,1792
fused_hadacore256_B4_L1024,15,PyTorch_elementwise_copy_reduce,"void at::native::vectorized_elementwise_kernel<8, at::native::CUDAFunctorOnSelf_add<short>, std::array<char*, 2ul> >(int, at::native::CUDAFunctorOnSelf_add<short>, std::array<char*, 2ul>)",128.0,0.2439313333333333,1.9057135416666668,1.124,17.136,0,16,128,0,256,3584
fused_hadacore256_B4_L1024,16,PyTorch_elementwise_copy_reduce,"void at::native::elementwise_kernel_manual_unroll<128, 8, at::native::gpu_kernel_impl_nocast<at::native::neg_kernel_cuda(at::TensorIteratorBase&)::{lambda()#2}::operator()() const::{lambda()#8}::operator()() const::{lambda(c10::Half)#1}>(at",64.0,0.22099066666666667,3.4529791666666667,0.806,16.296,0,32,128,0,128,1024
fused_hadacore256_B4_L1024,17,K1,"(anonymous namespace)::append_kv_had_quant_kernel(__half const*, __half const*, unsigned char*, __half2*, int const*, int const*, int const*, int, int, int, int, int, bool, float)",32.0,0.18219733333333332,5.693666666666667,3.996,17.852,1536,24,128,0,128,4096
fused_hadacore256_B4_L1024,18,PyTorch_elementwise_copy_reduce,"void at::native::vectorized_elementwise_kernel<4, at::native::rsqrt_kernel_cuda(at::TensorIteratorBase&)::{lambda()#2}::operator()() const::{lambda()#2}::operator()() const::{lambda(float)#1}, std::array<char*, 2ul> >(int, at::native::rsqrt",65.0,0.14966466666666667,2.3025333333333333,1.268,12.48,0,32,128,0,256,256
fused_hadacore256_B4_L1024,19,PyTorch_elementwise_copy_reduce,"void at::native::vectorized_elementwise_kernel<4, at::native::CUDAFunctorOnSelf_add<float>, std::array<char*, 2ul> >(int, at::native::CUDAFunctorOnSelf_add<float>, std::array<char*, 2ul>)",65.0,0.13484266666666667,2.074502564102564,0.004,17.472,0,16,128,0,256,256
fused_hadacore256_B4_L1024,20,FFN,"(anonymous namespace)::fused_ffn_silu_hadamard_quant_hadacore256_kernel(__half const*, __half const*, unsigned char*, __half*, int, int)",32.0,0.13109466666666666,4.096708333333333,1.904,15.066,2048,24,128,0,32,7168
unfused_INT4_B1_L128,1,rocBLAS_GEMM,Cijk_Alik_Bljk_HHS_BH_Bias_HA_S_SAV_UserArgs_MT128x128x32_MI16x16x1_SN_LDSB0_AFC1_AFEM1_AFEM1_ASEM1_CLR0_CADS0_DTLA0_DTLB0_DTVA0_DTVB1_EPS0_FDSI0_GRPM1_GRVWA4_GRVWB8_GSUAMB_GLS0_ISA1201_IU1_K1_LDSTI0_LBSPPA128_LBSPPB0_LBSPPM0_LPA16_LPB0_LPM,161.0,32.11830533333333,199.49257971014492,72.498,1868.734,26624,256,128,0,128,128256
unfused_INT4_B1_L128,2,PyTorch_elementwise_copy_reduce,"void at::native::elementwise_kernel_manual_unroll<128, 8, at::native::gpu_kernel_impl_nocast<at::native::direct_copy_kernel_cuda(at::TensorIteratorBase&)::{lambda()#3}::operator()() const::{lambda()#10}::operator()() const::{lambda(c10::Hal",2816.0,12.644244666666667,4.490143702651515,0.012,33.39,0,32,128,0,128,256
unfused_INT4_B1_L128,3,PyTorch_elementwise_copy_reduce,"void at::native::elementwise_kernel_manual_unroll<128, 4, at::native::gpu_kernel_impl_nocast<at::native::direct_copy_kernel_cuda(at::TensorIteratorBase&)::{lambda()#3}::operator()() const::{lambda()#7}::operator()() const::{lambda(float)#1}",1216.0,5.439722666666667,4.473456140350877,0.06,23.646,0,24,128,0,128,65536
unfused_INT4_B1_L128,4,PyTorch_elementwise_copy_reduce,"void at::native::vectorized_elementwise_kernel<8, at::native::CUDAFunctor_add<c10::Half>, std::array<char*, 3ul> >(int, at::native::CUDAFunctor_add<c10::Half>, std::array<char*, 3ul>)",1536.0,4.605399333333334,2.9983068576388887,0.218,29.466,0,24,128,0,256,512
unfused_INT4_B1_L128,5,PyTorch_elementwise_copy_reduce,"void at::native::elementwise_kernel_manual_unroll<128, 4, at::native::gpu_kernel_impl<at::native::direct_copy_kernel_cuda(at::TensorIteratorBase&)::{lambda()#3}::operator()() const::{lambda()#5}::operator()() const::{lambda(short)#1}>(at::T",320.0,1.9914673333333335,6.223335416666667,0.43,26.02,0,16,128,0,128,65536
unfused_INT4_B1_L128,6,rocBLAS_GEMM,Cijk_Alik_Bljk_HHS_BH_Bias_HA_S_SAV_UserArgs_MT16x16x32_MI16x16x1_SN_LDSB0_AFC1_AFEM1_AFEM1_ASEM1_CLR1_CADS0_DTLA0_DTLB0_DTVA0_DTVB0_EPS0_FDSI0_GRPM1_GRVWA8_GRVWB8_GSUAMB_GLS0_ISA1201_IU1_K1_LDSTI0_LBSPPA128_LBSPPB128_LBSPPM0_LPA16_LPB16_LP,64.0,1.8557986666666666,28.99685416666667,25.918,40.9,6656,128,128,0,32,2048
unfused_INT4_B1_L128,7,PyTorch_elementwise_copy_reduce,"void at::native::elementwise_kernel_manual_unroll<128, 4, at::native::gpu_kernel_impl<at::native::direct_copy_kernel_cuda(at::TensorIteratorBase&)::{lambda()#3}::operator()() const::{lambda()#7}::operator()() const::{lambda(float)#1}>(at::T",193.0,1.7813753333333333,9.229924006908462,0.536,30.422,0,16,128,0,128,65536
unfused_INT4_B1_L128,8,PyTorch_elementwise_copy_reduce,"void at::native::vectorized_elementwise_kernel<4, at::native::CUDAFunctor_add<float>, std::array<char*, 3ul> >(int, at::native::CUDAFunctor_add<float>, std::array<char*, 3ul>)",512.0,1.19369,2.33142578125,0.142,22.408,0,16,128,0,256,1792
unfused_INT4_B1_L128,9,PyTorch_elementwise_copy_reduce,"void at::native::vectorized_elementwise_kernel<8, at::native::CUDAFunctorOnSelf_add<short>, std::array<char*, 2ul> >(int, at::native::CUDAFunctorOnSelf_add<short>, std::array<char*, 2ul>)",320.0,1.0741013333333334,3.3565666666666667,0.356,15.664,0,16,128,0,256,32768
unfused_INT4_B1_L128,10,PyTorch_elementwise_copy_reduce,"void at::native::vectorized_elementwise_kernel<4, at::native::float16tofloat32_copy_kernel_cuda(at::TensorIteratorBase&)::{lambda(c10::Half)#1}, std::array<char*, 2ul> >(int, at::native::float16tofloat32_copy_kernel_cuda(at::TensorIteratorB",353.0,1.0334326666666667,2.9275712936732767,0.56,16.18,0,16,128,0,256,1792
unfused_INT4_B1_L128,11,PyTorch_elementwise_copy_reduce,"void at::native::vectorized_elementwise_kernel<4, at::native::float16_copy_kernel_cuda(at::TensorIteratorBase&)::{lambda(float)#1}, std::array<char*, 2ul> >(int, at::native::float16_copy_kernel_cuda(at::TensorIteratorBase&)::{lambda(float)#",291.0,0.9971913333333333,3.426774341351661,1.064,17.23,0,16,128,0,256,65536
unfused_INT4_B1_L128,12,PyTorch_elementwise_copy_reduce,"void at::native::elementwise_kernel_manual_unroll<128, 4, at::native::gpu_kernel_impl_nocast<at::native::BinaryFunctor<float, float, float, at::native::binary_internal::MulFunctor<float> > >(at::TensorIteratorBase&, at::native::BinaryFuncto",161.0,0.8257233333333334,5.1287163561076605,0.138,20.664,0,24,128,0,128,131072
unfused_INT4_B1_L128,13,PyTorch_elementwise_copy_reduce,"void at::native::elementwise_kernel_manual_unroll<128, 8, at::native::gpu_kernel_impl_nocast<at::native::BinaryFunctor<unsigned char, unsigned char, unsigned char, at::native::BitwiseOrFunctor<unsigned char> > >(at::TensorIteratorBase&, at:",128.0,0.7276013333333333,5.684385416666667,0.01,17.088,0,48,128,0,128,896
unfused_INT4_B1_L128,14,PyTorch_elementwise_copy_reduce,"void at::native::elementwise_kernel_manual_unroll<128, 4, at::native::gpu_kernel_impl<at::native::direct_copy_kernel_cuda(at::TensorIteratorBase&)::{lambda()#3}::operator()() const::{lambda()#1}::operator()() const::{lambda(unsigned char)#1",128.0,0.7261873333333333,5.673338541666667,2.66,17.228,0,16,128,0,128,3584
unfused_INT4_B1_L128,15,PyTorch_elementwise_copy_reduce,"void at::native::elementwise_kernel_manual_unroll<128, 4, at::native::gpu_kernel_impl_nocast<at::native::BinaryFunctor<float, float, float, at::native::binary_internal::DivFunctor<float> > >(at::TensorIteratorBase&, at::native::BinaryFuncto",128.0,0.7130146666666667,5.570427083333333,2.036,16.494,0,32,128,0,128,3584
unfused_INT4_B1_L128,16,PyTorch_elementwise_copy_reduce,"void at::native::vectorized_elementwise_kernel<4, at::native::AbsFunctor<float>, std::array<char*, 2ul> >(int, at::native::AbsFunctor<float>, std::array<char*, 2ul>)",128.0,0.6698686666666666,5.233348958333333,1.432,15.472,0,16,128,0,256,3584
unfused_INT4_B1_L128,17,PyTorch_elementwise_copy_reduce,"void at::native::vectorized_elementwise_kernel<4, at::native::BUnaryFunctor<float, float, float, at::native::binary_internal::MulFunctor<float> >, std::array<char*, 2ul> >(int, at::native::BUnaryFunctor<float, float, float, at::native::bina",160.0,0.6405633333333333,4.003520833333334,0.55,15.708,0,16,128,0,256,3584
unfused_INT4_B1_L128,18,PyTorch_elementwise_copy_reduce,"void at::native::reduce_kernel<512, 1, at::native::ReduceOp<float, at::native::func_wrapper_t<float, at::native::MaxNanFunctor<float> >, unsigned int, float, 4, 4> >(at::native::ReduceOp<float, at::native::func_wrapper_t<float, at::native::",128.0,0.6349653333333333,4.960666666666667,0.004,16.846,512,32,128,0,512,2048
unfused_INT4_B1_L128,19,PyTorch_elementwise_copy_reduce,"void at::native::elementwise_kernel_manual_unroll<128, 8, at::native::gpu_kernel_impl_nocast<at::native::BUnaryFunctor<unsigned char, unsigned char, unsigned char, at::native::lshift_kernel_cuda(at::TensorIteratorBase&)::{lambda()#1}::opera",128.0,0.5993326666666666,4.6822864583333335,0.246,16.224,0,32,128,0,128,896
unfused_INT4_B1_L128,20,K2_FP16,"void flashinfer::BatchDecodeWithPagedKVGQAKernel<(flashinfer::RotaryMode)0, false, 8ul, 16ul, 8ul, 1ul, __half, __half, __half, int>(__half*, flashinfer::paged_kv_t<__half, int>, __half*, unsigned long, float, float, float)",32.0,0.5872366666666667,18.351145833333334,6.076,30.204,16896,72,128,0,128,4096
unfused_INT4_B1_L4096,1,rocBLAS_GEMM,Cijk_Alik_Bljk_HHS_BH_Bias_HA_S_SAV_UserArgs_MT128x128x32_MI16x16x1_SN_LDSB0_AFC1_AFEM1_AFEM1_ASEM1_CLR0_CADS0_DTLA0_DTLB0_DTVA0_DTVB1_EPS0_FDSI0_GRPM1_GRVWA4_GRVWB8_GSUAMB_GLS0_ISA1201_IU1_K1_LDSTI0_LBSPPA128_LBSPPB0_LBSPPM0_LPA16_LPB0_LPM,161.0,32.50097133333333,201.86938716356107,70.666,1893.272,26624,256,128,0,128,128256
unfused_INT4_B1_L4096,2,PyTorch_elementwise_copy_reduce,"void at::native::elementwise_kernel_manual_unroll<128, 4, at::native::gpu_kernel_impl_nocast<at::native::direct_copy_kernel_cuda(at::TensorIteratorBase&)::{lambda()#3}::operator()() const::{lambda()#7}::operator()() const::{lambda(float)#1}",1216.0,13.029287333333334,10.714874451754385,0.116,145.232,0,24,128,0,128,1081344
unfused_INT4_B1_L4096,3,PyTorch_elementwise_copy_reduce,"void at::native::elementwise_kernel_manual_unroll<128, 8, at::native::gpu_kernel_impl_nocast<at::native::direct_copy_kernel_cuda(at::TensorIteratorBase&)::{lambda()#3}::operator()() const::{lambda()#10}::operator()() const::{lambda(c10::Hal",2816.0,11.778704,4.182778409090909,0.022,28.972,0,32,128,0,128,256
unfused_INT4_B1_L4096,4,K2_FP16,"void flashinfer::BatchDecodeWithPagedKVGQAKernel<(flashinfer::RotaryMode)0, false, 8ul, 16ul, 8ul, 1ul, __half, __half, __half, int>(__half*, flashinfer::paged_kv_t<__half, int>, __half*, unsigned long, float, float, float)",32.0,10.839235333333333,338.7261041666667,333.04,376.782,16896,72,128,0,128,4096
unfused_INT4_B1_L4096,5,PyTorch_elementwise_copy_reduce,"void at::native::vectorized_elementwise_kernel<8, at::native::CUDAFunctor_add<c10::Half>, std::array<char*, 3ul> >(int, at::native::CUDAFunctor_add<c10::Half>, std::array<char*, 3ul>)",1536.0,4.6082860000000005,3.0001861979166664,0.02,22.658,0,24,128,0,256,512
unfused_INT4_B1_L4096,6,PyTorch_elementwise_copy_reduce,"void at::native::elementwise_kernel_manual_unroll<128, 4, at::native::gpu_kernel_impl_nocast<at::native::BinaryFunctor<float, float, float, at::native::binary_internal::MulFunctor<float> > >(at::TensorIteratorBase&, at::native::BinaryFuncto",161.0,4.4702573333333335,27.765573498964805,0.654,131.42,0,24,128,0,128,2162688
unfused_INT4_B1_L4096,7,PyTorch_elementwise_copy_reduce,"void at::native::elementwise_kernel_manual_unroll<128, 4, at::native::gpu_kernel_impl<at::native::direct_copy_kernel_cuda(at::TensorIteratorBase&)::{lambda()#3}::operator()() const::{lambda()#7}::operator()() const::{lambda(float)#1}>(at::T",193.0,2.778886,14.398373056994819,0.082,43.202,0,16,128,0,128,1081344
unfused_INT4_B1_L4096,8,PyTorch_elementwise_copy_reduce,"void at::native::elementwise_kernel_manual_unroll<128, 4, at::native::gpu_kernel_impl<at::native::direct_copy_kernel_cuda(at::TensorIteratorBase&)::{lambda()#3}::operator()() const::{lambda()#5}::operator()() const::{lambda(short)#1}>(at::T",320.0,2.657430666666667,8.304470833333333,0.032,38.438,0,16,128,0,128,1081344
unfused_INT4_B1_L4096,9,PyTorch_elementwise_copy_reduce,"void at::native::vectorized_elementwise_kernel<4, at::native::float16_copy_kernel_cuda(at::TensorIteratorBase&)::{lambda(float)#1}, std::array<char*, 2ul> >(int, at::native::float16_copy_kernel_cuda(at::TensorIteratorBase&)::{lambda(float)#",291.0,1.8910346666666669,6.498400916380297,0.228,48.3,0,16,128,0,256,1081344
unfused_INT4_B1_L4096,10,PyTorch_elementwise_copy_reduce,"void at::native::vectorized_elementwise_kernel<8, at::native::CUDAFunctorOnSelf_add<short>, std::array<char*, 2ul> >(int, at::native::CUDAFunctorOnSelf_add<short>, std::array<char*, 2ul>)",320.0,1.8368593333333332,5.740185416666666,0.38,30.768,0,16,128,0,256,540672
unfused_INT4_B1_L4096,11,rocBLAS_GEMM,Cijk_Alik_Bljk_HHS_BH_Bias_HA_S_SAV_UserArgs_MT16x16x32_MI16x16x1_SN_LDSB0_AFC1_AFEM1_AFEM1_ASEM1_CLR1_CADS0_DTLA0_DTLB0_DTVA0_DTVB0_EPS0_FDSI0_GRPM1_GRVWA8_GRVWB8_GSUAMB_GLS0_ISA1201_IU1_K1_LDSTI0_LBSPPA128_LBSPPB128_LBSPPM0_LPA16_LPB16_LP,64.0,1.8270473333333335,28.54761458333333,25.54,42.45,6656,128,128,0,32,2048
unfused_INT4_B1_L4096,12,PyTorch_elementwise_copy_reduce,"void at::native::vectorized_elementwise_kernel<4, at::native::CUDAFunctor_add<float>, std::array<char*, 3ul> >(int, at::native::CUDAFunctor_add<float>, std::array<char*, 3ul>)",512.0,1.1275326666666667,2.2022122395833335,0.85,18.144,0,16,128,0,256,1792
unfused_INT4_B1_L4096,13,PyTorch_elementwise_copy_reduce,"void at::native::vectorized_elementwise_kernel<4, at::native::float16tofloat32_copy_kernel_cuda(at::TensorIteratorBase&)::{lambda(c10::Half)#1}, std::array<char*, 2ul> >(int, at::native::float16tofloat32_copy_kernel_cuda(at::TensorIteratorB",353.0,1.0882859999999999,3.0829631728045324,0.012,15.82,0,16,128,0,256,1792
unfused_INT4_B1_L4096,14,PyTorch_elementwise_copy_reduce,"void at::native::vectorized_elementwise_kernel<16, at::native::AUnaryFunctor<unsigned char, unsigned char, unsigned char, at::native::BitwiseAndFunctor<unsigned char> >, std::array<char*, 2ul> >(int, at::native::AUnaryFunctor<unsigned char,",192.0,0.9739153333333334,5.072475694444444,0.392,16.438,0,32,128,0,256,270336
unfused_INT4_B1_L4096,15,PyTorch_elementwise_copy_reduce,"void at::native::elementwise_kernel_manual_unroll<128, 4, at::native::gpu_kernel_impl<at::native::direct_copy_kernel_cuda(at::TensorIteratorBase&)::{lambda()#3}::operator()() const::{lambda()#1}::operator()() const::{lambda(unsigned char)#1",128.0,0.971728,7.591625,0.328,18.446,0,16,128,0,128,3584
unfused_INT4_B1_L4096,16,PyTorch_elementwise_copy_reduce,"void at::native::elementwise_kernel_manual_unroll<128, 8, at::native::gpu_kernel_impl_nocast<at::native::BinaryFunctor<unsigned char, unsigned char, unsigned char, at::native::BitwiseOrFunctor<unsigned char> > >(at::TensorIteratorBase&, at:",128.0,0.9485546666666668,7.410583333333333,2.872,17.616,0,48,128,0,128,896
unfused_INT4_B1_L4096,17,PyTorch_elementwise_copy_reduce,"void at::native::elementwise_kernel_manual_unroll<128, 4, at::native::gpu_kernel_impl_nocast<at::native::BinaryFunctor<float, float, float, at::native::binary_internal::DivFunctor<float> > >(at::TensorIteratorBase&, at::native::BinaryFuncto",128.0,0.84336,6.58875,0.36,16.568,0,32,128,0,128,3584
unfused_INT4_B1_L4096,18,PyTorch_elementwise_copy_reduce,"void at::native::vectorized_elementwise_kernel<4, at::native::AbsFunctor<float>, std::array<char*, 2ul> >(int, at::native::AbsFunctor<float>, std::array<char*, 2ul>)",128.0,0.7501473333333334,5.860526041666667,0.584,18.0,0,16,128,0,256,3584
unfused_INT4_B1_L4096,19,PyTorch_elementwise_copy_reduce,"void at::native::vectorized_elementwise_kernel<4, at::native::(anonymous namespace)::launch_clamp_scalar(at::TensorIteratorBase&, c10::Scalar, c10::Scalar, at::native::detail::ClampLimits)::{lambda()#1}::operator()() const::{lambda()#7}::op",256.0,0.688236,2.688421875,0.778,15.776,0,16,128,0,256,3584
unfused_INT4_B1_L4096,20,PyTorch_elementwise_copy_reduce,"void at::native::vectorized_elementwise_kernel<4, at::native::BUnaryFunctor<float, float, float, at::native::binary_internal::MulFunctor<float> >, std::array<char*, 2ul> >(int, at::native::BUnaryFunctor<float, float, float, at::native::bina",160.0,0.5647713333333334,3.5298208333333334,1.092,15.234,0,16,128,0,256,3584
unfused_INT4_B4_L1024,1,rocBLAS_GEMM,Cijk_Alik_Bljk_HHS_BH_Bias_HA_S_SAV_UserArgs_MT128x128x32_MI16x16x1_SN_LDSB0_AFC1_AFEM1_AFEM1_ASEM1_CLR0_CADS0_DTLA0_DTLB0_DTVA0_DTVB1_EPS0_FDSI0_GRPM1_GRVWA4_GRVWB8_GSUAMB_GLS0_ISA1201_IU1_K1_LDSTI0_LBSPPA128_LBSPPB0_LBSPPM0_LPA16_LPB0_LPM,161.0,32.884706666666666,204.2528364389234,71.902,1893.174,26624,256,128,0,128,128256
unfused_INT4_B4_L1024,2,PyTorch_elementwise_copy_reduce,"void at::native::elementwise_kernel_manual_unroll<128, 4, at::native::gpu_kernel_impl_nocast<at::native::direct_copy_kernel_cuda(at::TensorIteratorBase&)::{lambda()#3}::operator()() const::{lambda()#7}::operator()() const::{lambda(float)#1}",1216.0,14.404634,11.845916118421053,0.248,170.468,0,24,128,0,128,1179648
unfused_INT4_B4_L1024,3,PyTorch_elementwise_copy_reduce,"void at::native::elementwise_kernel_manual_unroll<128, 8, at::native::gpu_kernel_impl_nocast<at::native::direct_copy_kernel_cuda(at::TensorIteratorBase&)::{lambda()#3}::operator()() const::{lambda()#10}::operator()() const::{lambda(c10::Hal",2815.6666666666665,11.436898,4.061879247069966,0.042,19.572,0,32,128,0,128,1024
unfused_INT4_B4_L1024,4,PyTorch_elementwise_copy_reduce,"void at::native::elementwise_kernel_manual_unroll<128, 4, at::native::gpu_kernel_impl_nocast<at::native::BinaryFunctor<float, float, float, at::native::binary_internal::MulFunctor<float> > >(at::TensorIteratorBase&, at::native::BinaryFuncto",161.0,4.7178960000000005,29.303701863354036,0.254,138.272,0,24,128,0,128,2359296
unfused_INT4_B4_L1024,5,PyTorch_elementwise_copy_reduce,"void at::native::vectorized_elementwise_kernel<8, at::native::CUDAFunctor_add<c10::Half>, std::array<char*, 3ul> >(int, at::native::CUDAFunctor_add<c10::Half>, std::array<char*, 3ul>)",1536.0,4.288324666666667,2.791878038194444,0.624,20.358,0,24,128,0,256,2048
unfused_INT4_B4_L1024,6,K2_FP16,"void flashinfer::BatchDecodeWithPagedKVGQAKernel<(flashinfer::RotaryMode)0, false, 8ul, 16ul, 8ul, 1ul, __half, __half, __half, int>(__half*, flashinfer::paged_kv_t<__half, int>, __half*, unsigned long, float, float, float)",32.0,2.8605626666666666,89.39258333333333,86.24,91.458,16896,72,128,0,128,16384
unfused_INT4_B4_L1024,7,PyTorch_elementwise_copy_reduce,"void at::native::elementwise_kernel_manual_unroll<128, 4, at::native::gpu_kernel_impl<at::native::direct_copy_kernel_cuda(at::TensorIteratorBase&)::{lambda()#3}::operator()() const::{lambda()#7}::operator()() const::{lambda(float)#1}>(at::T",193.0,2.8457193333333333,14.744659758203799,0.438,44.228,0,16,128,0,128,1179648
unfused_INT4_B4_L1024,8,PyTorch_elementwise_copy_reduce,"void at::native::elementwise_kernel_manual_unroll<128, 4, at::native::gpu_kernel_impl<at::native::direct_copy_kernel_cuda(at::TensorIteratorBase&)::{lambda()#3}::operator()() const::{lambda()#5}::operator()() const::{lambda(short)#1}>(at::T",320.0,2.5863186666666667,8.082245833333333,0.36,27.188,0,16,128,0,128,1179648
unfused_INT4_B4_L1024,9,PyTorch_elementwise_copy_reduce,"void at::native::vectorized_elementwise_kernel<4, at::native::float16_copy_kernel_cuda(at::TensorIteratorBase&)::{lambda(float)#1}, std::array<char*, 2ul> >(int, at::native::float16_copy_kernel_cuda(at::TensorIteratorBase&)::{lambda(float)#",291.0,2.2410413333333334,7.701172966781214,0.54,61.878,0,16,128,0,256,1179648
unfused_INT4_B4_L1024,10,rocBLAS_GEMM,Cijk_Alik_Bljk_HHS_BH_Bias_HA_S_SAV_UserArgs_MT16x16x32_MI16x16x1_SN_LDSB0_AFC1_AFEM1_AFEM1_ASEM1_CLR1_CADS0_DTLA0_DTLB0_DTVA0_DTVB0_EPS0_FDSI0_GRPM1_GRVWA8_GRVWB8_GSUAMB_GLS0_ISA1201_IU1_K1_LDSTI0_LBSPPA128_LBSPPB128_LBSPPM0_LPA16_LPB16_LP,64.0,1.8369566666666666,28.702447916666667,25.864,39.464,6656,128,128,0,32,2048
unfused_INT4_B4_L1024,11,PyTorch_elementwise_copy_reduce,"void at::native::vectorized_elementwise_kernel<8, at::native::CUDAFunctorOnSelf_add<short>, std::array<char*, 2ul> >(int, at::native::CUDAFunctorOnSelf_add<short>, std::array<char*, 2ul>)",320.0,1.8250140000000001,5.70316875,0.996,17.4,0,16,128,0,256,589824
unfused_INT4_B4_L1024,12,PyTorch_elementwise_copy_reduce,"void at::native::vectorized_elementwise_kernel<4, at::native::CUDAFunctor_add<float>, std::array<char*, 3ul> >(int, at::native::CUDAFunctor_add<float>, std::array<char*, 3ul>)",512.0,1.2854646666666667,2.5106731770833335,0.666,15.454,0,16,128,0,256,7168
unfused_INT4_B4_L1024,13,PyTorch_elementwise_copy_reduce,"void at::native::vectorized_elementwise_kernel<16, at::native::AUnaryFunctor<unsigned char, unsigned char, unsigned char, at::native::BitwiseAndFunctor<unsigned char> >, std::array<char*, 2ul> >(int, at::native::AUnaryFunctor<unsigned char,",192.0,0.9787593333333334,5.0977048611111115,1.396,14.744,0,32,128,0,256,294912
unfused_INT4_B4_L1024,14,PyTorch_elementwise_copy_reduce,"void at::native::vectorized_elementwise_kernel<4, at::native::float16tofloat32_copy_kernel_cuda(at::TensorIteratorBase&)::{lambda(c10::Half)#1}, std::array<char*, 2ul> >(int, at::native::float16tofloat32_copy_kernel_cuda(at::TensorIteratorB",353.0,0.8698206666666667,2.4640812086874413,1.18,20.658,0,16,128,0,256,7168
unfused_INT4_B4_L1024,15,PyTorch_elementwise_copy_reduce,"void at::native::elementwise_kernel_manual_unroll<128, 4, at::native::gpu_kernel_impl<at::native::direct_copy_kernel_cuda(at::TensorIteratorBase&)::{lambda()#3}::operator()() const::{lambda()#1}::operator()() const::{lambda(unsigned char)#1",128.0,0.8654773333333333,6.761541666666667,2.246,19.404,0,16,128,0,128,14336
unfused_INT4_B4_L1024,16,PyTorch_elementwise_copy_reduce,"void at::native::vectorized_elementwise_kernel<4, at::native::AbsFunctor<float>, std::array<char*, 2ul> >(int, at::native::AbsFunctor<float>, std::array<char*, 2ul>)",128.0,0.8128473333333334,6.350369791666667,1.276,24.9,0,16,128,0,256,14336
unfused_INT4_B4_L1024,17,PyTorch_elementwise_copy_reduce,"void at::native::elementwise_kernel_manual_unroll<128, 4, at::native::gpu_kernel_impl_nocast<at::native::BinaryFunctor<float, float, float, at::native::binary_internal::DivFunctor<float> > >(at::TensorIteratorBase&, at::native::BinaryFuncto",128.0,0.800618,6.254828125,1.088,16.792,0,32,128,0,128,14336
unfused_INT4_B4_L1024,18,PyTorch_elementwise_copy_reduce,"void at::native::elementwise_kernel_manual_unroll<128, 8, at::native::gpu_kernel_impl_nocast<at::native::BinaryFunctor<unsigned char, unsigned char, unsigned char, at::native::BitwiseOrFunctor<unsigned char> > >(at::TensorIteratorBase&, at:",128.0,0.7754053333333334,6.057854166666667,2.576,16.152,0,48,128,0,128,3584
unfused_INT4_B4_L1024,19,PyTorch_elementwise_copy_reduce,"void at::native::elementwise_kernel_manual_unroll<128, 8, at::native::gpu_kernel_impl_nocast<at::native::BinaryFunctor<c10::Half, c10::Half, c10::Half, at::native::binary_internal::MulFunctor<float> > >(at::TensorIteratorBase&, at::native::",193.0,0.6910566666666668,3.5806044905008636,0.766,15.664,0,48,128,0,128,2048
unfused_INT4_B4_L1024,20,PyTorch_elementwise_copy_reduce,"void at::native::vectorized_elementwise_kernel<4, at::native::BUnaryFunctor<float, float, float, at::native::binary_internal::MulFunctor<float> >, std::array<char*, 2ul> >(int, at::native::BUnaryFunctor<float, float, float, at::native::bina",160.0,0.6331746666666667,3.9573416666666668,0.756,20.128,0,16,128,0,256,14336
